"Date","Temp","Humid","p1","p2"
2018-01-01,NA,NA,NA,NA
2018-01-02,NA,NA,NA,NA
2018-01-03,NA,NA,NA,NA
2018-01-04,NA,NA,NA,NA
2018-01-05,NA,NA,NA,NA
2018-01-06,NA,NA,NA,NA
2018-01-07,NA,NA,NA,NA
2018-01-08,NA,NA,NA,NA
2018-01-09,NA,NA,NA,NA
2018-01-10,NA,NA,NA,NA
2018-01-11,NA,NA,NA,NA
2018-01-12,NA,NA,NA,NA
2018-01-13,NA,NA,NA,NA
2018-01-14,NA,NA,NA,NA
2018-01-15,NA,NA,NA,NA
2018-01-16,NA,NA,NA,NA
2018-01-17,NA,NA,NA,NA
2018-01-18,NA,NA,NA,NA
2018-01-19,NA,NA,NA,NA
2018-01-20,NA,NA,NA,NA
2018-01-21,NA,NA,NA,NA
2018-01-22,NA,NA,NA,NA
2018-01-23,NA,NA,NA,NA
2018-01-24,28.00566038,34.51132075,24.70275,10.243
2018-01-25,NA,NA,NA,NA
2018-01-26,NA,NA,NA,NA
2018-01-27,NA,NA,NA,NA
2018-01-28,NA,NA,NA,NA
2018-01-29,NA,NA,NA,NA
2018-01-30,NA,NA,NA,NA
2018-01-31,NA,NA,NA,NA
2018-02-01,NA,NA,NA,NA
2018-02-02,NA,NA,NA,NA
2018-02-03,NA,NA,NA,NA
2018-02-04,NA,NA,NA,NA
2018-02-05,NA,NA,NA,NA
2018-02-06,NA,NA,NA,NA
2018-02-07,NA,NA,NA,NA
2018-02-08,NA,NA,NA,NA
2018-02-09,NA,NA,NA,NA
2018-02-10,NA,NA,NA,NA
2018-02-11,NA,NA,NA,NA
2018-02-12,NA,NA,NA,NA
2018-02-13,NA,NA,NA,NA
2018-02-14,NA,NA,NA,NA
2018-02-15,NA,NA,NA,NA
2018-02-16,NA,NA,NA,NA
2018-02-17,NA,NA,NA,NA
2018-02-18,NA,NA,NA,NA
2018-02-19,NA,NA,NA,NA
2018-02-20,NA,NA,NA,NA
2018-02-21,NA,NA,NA,NA
2018-02-22,NA,NA,NA,NA
2018-02-23,NA,NA,NA,NA
2018-02-24,NA,NA,NA,NA
2018-02-25,NA,NA,NA,NA
2018-02-26,NA,NA,NA,NA
2018-02-27,NA,NA,NA,NA
2018-02-28,NA,NA,NA,NA
2018-03-01,NA,NA,NA,NA
2018-03-02,NA,NA,NA,NA
2018-03-03,NA,NA,NA,NA
2018-03-04,NA,NA,NA,NA
2018-03-05,NA,NA,NA,NA
2018-03-06,NA,NA,NA,NA
2018-03-07,NA,NA,NA,NA
2018-03-08,NA,NA,NA,NA
2018-03-09,NA,NA,NA,NA
2018-03-10,NA,NA,NA,NA
2018-03-11,NA,NA,NA,NA
2018-03-12,NA,NA,NA,NA
2018-03-13,NA,NA,NA,NA
2018-03-14,NA,NA,NA,NA
2018-03-15,NA,NA,NA,NA
2018-03-16,NA,NA,NA,NA
2018-03-17,NA,NA,NA,NA
2018-03-18,NA,NA,NA,NA
2018-03-19,NA,NA,NA,NA
2018-03-20,NA,NA,NA,NA
2018-03-21,NA,NA,NA,NA
2018-03-22,NA,NA,NA,NA
2018-03-23,NA,NA,NA,NA
2018-03-24,NA,NA,NA,NA
2018-03-25,NA,NA,NA,NA
2018-03-26,NA,NA,NA,NA
2018-03-27,NA,NA,NA,NA
2018-03-28,NA,NA,NA,NA
2018-03-29,NA,NA,NA,NA
2018-03-30,NA,NA,NA,NA
2018-03-31,NA,NA,NA,NA
2018-04-01,NA,NA,NA,NA
2018-04-02,NA,NA,NA,NA
2018-04-03,NA,NA,NA,NA
2018-04-04,NA,NA,NA,NA
2018-04-05,NA,NA,NA,NA
2018-04-06,NA,NA,NA,NA
2018-04-07,NA,NA,NA,NA
2018-04-08,NA,NA,NA,NA
2018-04-09,NA,NA,NA,NA
2018-04-10,NA,NA,NA,NA
2018-04-11,NA,NA,NA,NA
2018-04-12,NA,NA,NA,NA
2018-04-13,NA,NA,NA,NA
2018-04-14,NA,NA,NA,NA
2018-04-15,NA,NA,NA,NA
2018-04-16,NA,NA,NA,NA
2018-04-17,NA,NA,NA,NA
2018-04-18,NA,NA,NA,NA
2018-04-19,NA,NA,NA,NA
2018-04-20,NA,NA,NA,NA
2018-04-21,NA,NA,NA,NA
2018-04-22,NA,NA,NA,NA
2018-04-23,NA,NA,NA,NA
2018-04-24,NA,NA,NA,NA
2018-04-25,NA,NA,NA,NA
2018-04-26,NA,NA,NA,NA
2018-04-27,NA,NA,NA,NA
2018-04-28,NA,NA,NA,NA
2018-04-29,NA,NA,NA,NA
2018-04-30,NA,NA,NA,NA
2018-05-01,NA,NA,NA,NA
2018-05-02,NA,NA,NA,NA
2018-05-03,NA,NA,NA,NA
2018-05-04,NA,NA,NA,NA
2018-05-05,NA,NA,NA,NA
2018-05-06,NA,NA,NA,NA
2018-05-07,NA,NA,NA,NA
2018-05-08,NA,NA,NA,NA
2018-05-09,NA,NA,NA,NA
2018-05-10,NA,NA,NA,NA
2018-05-11,NA,NA,NA,NA
2018-05-12,NA,NA,NA,NA
2018-05-13,NA,NA,NA,NA
2018-05-14,NA,NA,NA,NA
2018-05-15,NA,NA,NA,NA
2018-05-16,NA,NA,NA,NA
2018-05-17,NA,NA,NA,NA
2018-05-18,NA,NA,NA,NA
2018-05-19,NA,NA,NA,NA
2018-05-20,NA,NA,NA,NA
2018-05-21,NA,NA,NA,NA
2018-05-22,NA,NA,NA,NA
2018-05-23,NA,NA,NA,NA
2018-05-24,NA,NA,NA,NA
2018-05-25,NA,NA,NA,NA
2018-05-26,NA,NA,NA,NA
2018-05-27,NA,NA,NA,NA
2018-05-28,NA,NA,NA,NA
2018-05-29,NA,NA,NA,NA
2018-05-30,NA,NA,NA,NA
2018-05-31,NA,NA,NA,NA
2018-06-01,NA,NA,NA,NA
2018-06-02,NA,NA,NA,NA
2018-06-03,NA,NA,NA,NA
2018-06-04,NA,NA,NA,NA
2018-06-05,NA,NA,NA,NA
2018-06-06,NA,NA,NA,NA
2018-06-07,NA,NA,NA,NA
2018-06-08,NA,NA,NA,NA
2018-06-09,NA,NA,NA,NA
2018-06-10,NA,NA,NA,NA
2018-06-11,NA,NA,NA,NA
2018-06-12,NA,NA,NA,NA
2018-06-13,NA,NA,NA,NA
2018-06-14,NA,NA,NA,NA
2018-06-15,NA,NA,NA,NA
2018-06-16,NA,NA,NA,NA
2018-06-17,NA,NA,NA,NA
2018-06-18,NA,NA,NA,NA
2018-06-19,NA,NA,NA,NA
2018-06-20,NA,NA,NA,NA
2018-06-21,NA,NA,NA,NA
2018-06-22,NA,NA,NA,NA
2018-06-23,NA,NA,NA,NA
2018-06-24,NA,NA,NA,NA
2018-06-25,NA,NA,NA,NA
2018-06-26,NA,NA,NA,NA
2018-06-27,NA,NA,NA,NA
2018-06-28,NA,NA,NA,NA
2018-06-29,NA,NA,NA,NA
2018-06-30,NA,NA,NA,NA
2018-07-01,NA,NA,NA,NA
2018-07-02,NA,NA,NA,NA
2018-07-03,NA,NA,NA,NA
2018-07-04,NA,NA,NA,NA
2018-07-05,NA,NA,NA,NA
2018-07-06,NA,NA,NA,NA
2018-07-07,NA,NA,NA,NA
2018-07-08,NA,NA,NA,NA
2018-07-09,NA,NA,NA,NA
2018-07-10,NA,NA,NA,NA
2018-07-11,NA,NA,NA,NA
2018-07-12,NA,NA,NA,NA
2018-07-13,NA,NA,NA,NA
2018-07-14,NA,NA,NA,NA
2018-07-15,NA,NA,NA,NA
2018-07-16,NA,NA,NA,NA
2018-07-17,NA,NA,NA,NA
2018-07-18,NA,NA,NA,NA
2018-07-19,NA,NA,NA,NA
2018-07-20,NA,NA,NA,NA
2018-07-21,NA,NA,NA,NA
2018-07-22,NA,NA,NA,NA
2018-07-23,NA,NA,NA,NA
2018-07-24,NA,NA,NA,NA
2018-07-25,NA,NA,NA,NA
2018-07-26,NA,NA,NA,NA
2018-07-27,NA,NA,NA,NA
2018-07-28,NA,NA,NA,NA
2018-07-29,NA,NA,NA,NA
2018-07-30,NA,NA,NA,NA
2018-07-31,NA,NA,NA,NA
2018-08-01,NA,NA,NA,NA
2018-08-02,NA,NA,NA,NA
2018-08-03,NA,NA,NA,NA
2018-08-04,NA,NA,NA,NA
2018-08-05,NA,NA,NA,NA
2018-08-06,NA,NA,NA,NA
2018-08-07,NA,NA,NA,NA
2018-08-08,NA,NA,NA,NA
2018-08-09,NA,NA,NA,NA
2018-08-10,NA,NA,NA,NA
2018-08-11,NA,NA,NA,NA
2018-08-12,NA,NA,NA,NA
2018-08-13,NA,NA,NA,NA
2018-08-14,NA,NA,NA,NA
2018-08-15,NA,NA,NA,NA
2018-08-16,NA,NA,NA,NA
2018-08-17,NA,NA,NA,NA
2018-08-18,NA,NA,NA,NA
2018-08-19,NA,NA,NA,NA
2018-08-20,NA,NA,NA,NA
2018-08-21,NA,NA,NA,NA
2018-08-22,NA,NA,NA,NA
2018-08-23,NA,NA,NA,NA
2018-08-24,NA,NA,NA,NA
2018-08-25,NA,NA,NA,NA
2018-08-26,NA,NA,NA,NA
2018-08-27,NA,NA,NA,NA
2018-08-28,NA,NA,NA,NA
2018-08-29,NA,NA,NA,NA
2018-08-30,NA,NA,NA,NA
2018-08-31,NA,NA,NA,NA
2018-09-01,NA,NA,NA,NA
2018-09-02,NA,NA,NA,NA
2018-09-03,NA,NA,NA,NA
2018-09-04,19.53043478,67.57101449,34.10385714,20.83414286
2018-09-05,NA,NA,NA,NA
2018-09-06,NA,NA,NA,NA
2018-09-07,NA,NA,NA,NA
2018-09-08,NA,NA,NA,NA
2018-09-09,NA,NA,NA,NA
2018-09-10,NA,NA,NA,NA
2018-09-11,NA,NA,NA,NA
2018-09-12,NA,NA,NA,NA
2018-09-13,23.13119658,45.32393162,24.74632,10.793
2018-09-14,23.00397351,51.64768212,42.44152318,16.12
2018-09-15,NA,NA,NA,NA
2018-09-16,NA,NA,NA,NA
2018-09-17,NA,NA,NA,NA
2018-09-18,NA,NA,NA,NA
2018-09-19,NA,NA,NA,NA
2018-09-20,NA,NA,NA,NA
2018-09-21,NA,NA,NA,NA
2018-09-22,NA,NA,NA,NA
2018-09-23,NA,NA,NA,NA
2018-09-24,NA,NA,NA,NA
2018-09-25,NA,NA,NA,NA
2018-09-26,NA,NA,NA,NA
2018-09-27,NA,NA,NA,NA
2018-09-28,NA,NA,NA,NA
2018-09-29,NA,NA,NA,NA
2018-09-30,NA,NA,NA,NA
2018-10-01,NA,NA,NA,NA
2018-10-02,NA,NA,NA,NA
2018-10-03,NA,NA,NA,NA
2018-10-04,NA,NA,NA,NA
2018-10-05,NA,NA,NA,NA
2018-10-06,NA,NA,NA,NA
2018-10-07,NA,NA,NA,NA
2018-10-08,20.73125,73.82215909,20.50322034,13.39960452
2018-10-09,19.82695313,70.84960938,24.73252918,13.20081712
2018-10-10,21.45540797,60.57666034,24.17620301,11.30142857
2018-10-11,22.35805085,58.68135593,25.93502146,10.94785408
2018-10-12,21.44142012,58.94792899,28.04612308,7.642061538
2018-10-13,22.0433908,63.2545977,20.23821212,8.729818182
2018-10-14,23.03021739,56.64195652,18.73759009,7.116351351
2018-10-15,22.08638743,64.79790576,25.57992188,10.25455729
2018-10-16,21.94828571,60.69257143,28.35154728,11.58905444
2018-10-17,22.35198864,60.83039773,25.59915014,9.476827195
2018-10-18,22.85477273,65.53090909,24.25125571,8.638881279
2018-10-19,23.58536585,62.31402439,27.86041584,9.728079208
2018-10-20,23.57020873,55.08633776,24.35787659,9.880108893
2018-10-21,22.93613139,56.01368613,18.02117438,7.337135231
2018-10-22,22.23004926,57.07807882,22.26049645,8.174515366
2018-10-23,19.32203947,76.58223684,15.88090323,7.664774194
2018-10-24,19.09323467,77.98942918,29.62919937,14.51274207
2018-10-25,20.58857143,73.554297925,14.6014866986667,7.030862477
2018-10-26,19.84663866,76.92857143,19.14438698,7.372739856
2018-10-27,20.02604563,75.83441065,23.837830015,9.3853293415
2018-10-28,20.64285714,69.77771429,30.539715895,11.678330555
2018-10-29,22.88636364,59.49864865,26.5486454966667,10.9646871066667
2018-10-30,23.02191011,60.79719101,35.477794215,16.24579538
2018-10-31,22.95510761,56.455402055,24.45984951,10.74331325
2018-11-01,26.3236666666667,52.8806,146.69123492,28.5870637466667
2018-11-02,23.010299,68.90531561,36.799436445,20.416411125
2018-11-03,21.15437262,73.32053232,42.81882182,22.78506853
2018-11-04,22.22462687,62.16940299,19.64094203,10.59012681
2018-11-05,22.41224066,57.16390041,30.37448207,12.1002988
2018-11-06,22.87742664,58.19413093,30.4935546,12.42109208
2018-11-07,22.60732323,59.82146465,32.18425481,13.6903125
2018-11-08,23.20729167,56.83645833,29.17854592,9.990127551
2018-11-09,24.07843666,57.67466307,19.86909341,7.379917582
2018-11-10,23.85166667,55.50266667,18.60326667,7.343733333
2018-11-11,22.13853659,65.1597561,20.20637717,9.950248139
2018-11-12,22.40289256,64.86157025,22.38029289,9.718828452
2018-11-13,22.45694761,63.29726651,25.89841743,10.88965596
2018-11-14,23.11799308,60.77508651,24.40033784,9.321858108
2018-11-15,22.47089202,44.67323944,31.74101852,11.64759259
2018-11-16,22.96879271,47.08883827,23.73541667,8.555347222
2018-11-17,22.34227941,67.89117647,20.58424908,10.02184982
2018-11-18,22.93697318,62.63333333,20.63642586,9.579676806
2018-11-19,22.20085837,68.78841202,19.5489916,7.877647059
2018-11-20,21.91014151,68.19292453,20.72874126,8.54013986
2018-11-21,22.97682119,60.39139073,23.92145251,8.635921788
2018-11-22,24.47438017,53.60082645,40.09598145,12.26332303
2018-11-23,24.85615866,51.68601253,24.59422917,9.808916667
2018-11-24,24.26279683,54.59023747,26.62005236,10.27018325
2018-11-25,22.69474708,64.21439689,13.51355513,6.962528517
2018-11-26,22.68003697,68.35471349,18.1378125,8.636121324
2018-11-27,23.16230248,64.11399549,22.5066571,7.972754663
2018-11-28,22.78660714,66.79129464,27.06971175,11.28529933
2018-11-29,24.35562138,62.215413915,20.519388065,12.06599267
2018-11-30,24.62024881,55.46127548,23.01575377,11.626543034
2018-12-01,23.22524655,63.89881657,22.97495183,11.02121387
2018-12-02,23.28223938,63.73069498,14.08541899,8.043761639
2018-12-03,22.36237288,68.01084746,16.83461279,8.355925926
2018-12-04,24.210050935,59.232423415,14.62740707,8.051822108
2018-12-05,24.234383725,60.015696635,19.414019275,10.7899822115
2018-12-06,24.6786186,56.664307565,19.43513975,11.063548844
2018-12-07,25.065364615,57.869370975,20.43467241,11.758999845
2018-12-08,24.515058115,58.643308935,12.86380515,7.650924048
2018-12-09,24.24335898,58.37165514,13.675906195,8.5922001265
2018-12-10,23.98469626,60.660937775,31.582280485,17.919969504
2018-12-11,23.47614379,62.63300654,28.9603537255,15.349242993
2018-12-12,26.02727273,51.6,46.655247755,20.693121809
2018-12-13,25.53082192,57.61438356,29.57676957,15.035943608
2018-12-14,25.18482759,54.82482759,16.54815068,6.162945205
2018-12-15,25.98666667,56.57333333,30.42929424,14.243286515
2018-12-16,25.63684211,48.24210526,44.832438635,22.8384313135
2018-12-17,25.73125,49.72916667,52.68974273,32.7402736945
2018-12-18,25.46923077,55.1,37.776427905,15.88198746
2018-12-19,25.62,54.75,33.66744048,16.689985995
2018-12-20,25.70416667,49.50833333,38.9277447,14.821311945
2018-12-21,25.2975,51.34,54.040489645,24.674585755
2018-12-22,23.22,62.22,30.43166667,11.64666667
2018-12-23,23,63.9,28.604,9.592
2018-12-24,24.08333333,55.43333333,21.61714286,8.424285714
2018-12-25,NA,NA,NA,NA
2018-12-26,NA,NA,NA,NA
2018-12-27,24.97142857,50.24285714,19.34857143,8.704285714
2018-12-28,23.62,56.66,28.5425,11.905
2018-12-29,23.9,54.9,20.388,6.932
2018-12-30,26.2,46.25,16.0575,6.4
2018-12-31,23.90714286,58.29285714,16.60411765,7.513529412
2019-01-01,22.35,54.7,29,12
2019-01-02,23.775,51.43125,20.25055556,7.752222222
2019-01-03,25.25454545,51.26818182,21.15916667,6.702083333
2019-01-04,24.2,63.5,14.10076923,7.703076923
2019-01-05,23.43333333,62.93333333,25.356,12.352
2019-01-06,25.05,55.35,22.75,9.88
2019-01-07,25.3208,48.592,27.39953488,9.915193798
2019-01-08,24.93333333,51.08974359,33.43891892,15.98675676
2019-01-09,25.51578947,41.69473684,28.18284314,7.691372549
2019-01-10,26.65625,45.51666667,24.74410526,8.157789474
2019-01-11,27.06744186,45.81627907,27.90704082,8.78622449
2019-01-12,25.71333333,40.06533333,28.46790123,8.625555556
2019-01-13,25.56545455,42.41090909,21.92821429,7.634107143
2019-01-14,25.12195122,50.22195122,25.31696,9.69704
2019-01-15,26.54172662,49.87769784,24.65117647,9.08869281
2019-01-16,27.05680473,48.50414201,27.01346821,9.453352601
2019-01-17,27.36864407,46.32881356,26.85315789,8.086015038
2019-01-18,27.11438849,47.36618705,28.4456962,9.471455696
2019-01-19,27.84615385,41.98,21.61460526,7.193552632
2019-01-20,27.4,39.36571429,23.64166667,8.140555556
2019-01-21,27.91171875,42.2984375,32.24086957,10.79384058
2019-01-22,26.46810345,46.36034483,26.797,10.76418182
2019-01-23,23.91538462,57.38461538,43.036,15.809
2019-01-24,NA,NA,NA,NA
2019-01-25,28.19736842,31.67368421,35.86122449,10.13153061
2019-01-26,26.45121951,43.84512195,35.31021739,9.898804348
2019-01-27,26.95238095,42.65238095,27.97891892,7.602432432
2019-01-28,26.903801785,44.71435128,32.899531535,8.8980889225
2019-01-29,26.6003268,40.980273325,30.857589215,8.343448521
2019-01-30,25.94423997,44.91434671,28.985178935,7.380549089
2019-01-31,28.745781735,34.675696595,21.52246817,5.7503749525
2019-02-01,26.746068005,37.322081055,27.4028579,9.006845416
2019-02-02,27.22531951,31.42348369,23.70436229,8.1988201795
2019-02-03,27.372488165,33.303360375,18.769755,7.343842715
2019-02-04,27.09030069,40.7135382,26.806246495,9.111534728
2019-02-05,25.9132250433333,40.4398979766667,19.8849542966667,6.48562887266667
2019-02-06,25.5284153033333,41.9497415933333,20.0027428033333,7.58858273266667
2019-02-07,26.0746633,45.4428366975,20.771910135,7.49093838625
2019-02-08,27.77521325,45.6622368433333,25.3496134133333,8.486321735
2019-02-09,27.2374079866667,45.2351180433333,26.1354730433333,8.53644457466667
2019-02-10,25.8681198433333,47.7846596333333,23.5500932466667,7.979545981
2019-02-11,27.0895166,39.08731893,27.77675457,8.83076743166667
2019-02-12,26.4726110233333,40.49198072,27.8793183433333,9.422573379
2019-02-13,25.4718640766667,43.0084033166667,23.01217179,7.38566547833333
2019-02-14,25.86006103,44.7229781,20.40578411,8.100776482
2019-02-15,27.04113523,45.4647399033333,15.05025893,5.86883372233333
2019-02-16,26.1480848366667,51.4954402666667,10.1906512543333,3.82558221766667
2019-02-17,28.0191428433333,44.8952054366667,8.58581339366667,4.09522100733333
2019-02-18,28.8951047733333,39.6912936566667,17.31380772,6.920775716
2019-02-19,29.4611125733333,39.7445811833333,22.61176939,7.94925061033333
2019-02-20,27.5126324433333,44.72790701,17.2508522733333,5.81027348
2019-02-21,25.5564450333333,52.8027009366667,16.0559346203333,5.85601925733333
2019-02-22,26.549919285,51.102074605,14.276830121,5.474684139
2019-02-23,26.835113925,53.163353835,14.6109774665,5.9368439025
2019-02-24,26.710970385,51.67829535,14.1107223465,5.495357923
2019-02-25,27.73046405,45.703896105,20.65249086,7.721897167
2019-02-26,27.95586771,36.779408825,28.11805996,10.3479478125
2019-02-27,28.6659590533333,34.60837793,31.7654406333333,10.2096251326667
2019-02-28,29.0004716666667,33.0326570033333,36.4161387933333,10.922127382
2019-03-01,29.4260085533333,30.0800236533333,35.4948498066667,11.4566699
2019-03-02,29.6119719633333,33.95231892,30.2857409533333,10.035066536
2019-03-03,29.2179145466667,40.20272563,18.9281119566667,7.20855875066667
2019-03-04,27.6676042266667,46.7196649,22.8022996966667,9.33261572
2019-03-05,27.9436445566667,44.8690930033333,20.3191096566667,10.1402683176667
2019-03-06,29.07535911,36.3081332133333,27.8751393233333,10.9707494696667
2019-03-07,29.24815993,36.1541873866667,25.6592868866667,7.119496863
2019-03-08,28.5811352966667,37.08473136,27.5804907066667,8.23011410566667
2019-03-09,28.16963592,35.4894312133333,31.4958072266667,8.89098457466667
2019-03-10,27.1161327233333,37.15129672,19.01589502,6.074551956
2019-03-11,27.9978817366667,36.83571504,27.2627946466667,8.128622386
2019-03-12,28.50583638,32.4606382566667,33.3537009633333,9.25154009633333
2019-03-13,28.25212168,37.2543423233333,31.6048763666667,9.39730916233333
2019-03-14,26.60269113,42.8899091533333,22.0855496066667,6.62980190966667
2019-03-15,26.7137098833333,43.3454811166667,20.399491482,6.16436494433333
2019-03-16,29.15329626,40.3144751833333,16.2995741343333,4.999801813
2019-03-17,29.5850905033333,37.8215468733333,19.8707453966667,7.143633524
2019-03-18,28.5421525666667,40.2467816566667,23.01057463,7.27212452466667
2019-03-19,28.3199973733333,42.68669821,22.3701456266667,7.10018778333333
2019-03-20,28.4852680066667,42.30481081,22.7390744633333,7.20154826833333
2019-03-21,28.8505478,40.7805758033333,24.1373176366667,7.51722804333333
2019-03-22,27.8398161333333,45.60843705,21.09821911,6.54801798933333
2019-03-23,28.00360559,39.4271654733333,19.4955272766667,6.74125603933333
2019-03-24,25.89052952,47.3062068833333,14.6757971133333,6.40387914533333
2019-03-25,27.7890140633333,38.4337789166667,21.6213215366667,7.386063502
2019-03-26,28.7005185166667,37.8999573266667,22.92971105,7.59799418866667
2019-03-27,26.98151277,44.34229449,18.9084486066667,6.23264936166667
2019-03-28,26.0675756766667,50.1300899266667,15.4731918583333,6.63262070933333
2019-03-29,26.48260055,50.3527916533333,18.04269083,7.27188608033333
2019-03-30,27.5369931666667,42.97965858,18.5266815233333,8.119099315
2019-03-31,29.3401484666667,36.9663149566667,16.8780895666667,7.7196279
2019-04-01,28.2708978766667,43.1567661433333,22.6539453066667,10.3890739786667
2019-04-02,28.57785916,41.03939663,21.91088752,9.63025624233333
2019-04-03,29.19027228,40.84739127,19.5877979733333,7.648297806
2019-04-04,28.5369171966667,43.5064196133333,17.2933155683333,4.82362048266667
2019-04-05,27.9630701866667,47.66745678,15.1562929976667,5.09446414866667
2019-04-06,27.98256376,42.8770748366667,14.7887763496667,4.885178298
2019-04-07,26.7066591266667,49.9381096733333,12.0076846943333,5.50024304166667
2019-04-08,31.6295311866667,32.8052135933333,19.323467759,6.26568263366667
2019-04-09,27.46533333,42.85934722,18.87477997,6.05813204466667
2019-04-10,26.5470446866667,48.0398471066667,16.5674897563333,5.45675358766667
2019-04-11,27.4569164033333,47.10124787,17.4101252083333,5.05632894266667
2019-04-12,26.7836635766667,47.92258025,15.4317558736667,5.20423571166667
2019-04-13,27.4917636566667,45.5743396633333,14.2231775916667,4.51737004666667
2019-04-14,27.8784284666667,42.4710304433333,13.136825702,4.17600971533333
2019-04-15,29.41946378,39.77246741,13.507517726,3.71358585133333
2019-04-16,28.3258070366667,40.34642229,15.598558353,4.480290746
2019-04-17,27.3052664833333,38.56478728,18.7019994633333,6.34029636466667
2019-04-18,29.6100202233333,35.11676048,15.2379834323333,4.74381711366667
2019-04-19,26.2115856266667,47.22444004,14.200839151,4.40455111633333
2019-04-20,28.2877658666667,47.7411060533333,10.9131620466667,3.32124223933333
2019-04-21,27.6361817733333,51.0536650633333,9.06497383633333,2.902726978
2019-04-22,27.7874617033333,52.44281174,6.89666351033333,3.60972341066667
2019-04-23,26.1704947,58.5401567433333,13.439683603,6.551715999
2019-04-24,27.0489880533333,55.2235445433333,13.10490788,6.81842162033333
2019-04-25,25.527192,63.9652388566667,13.574401828,7.05132886166667
2019-04-26,27.44177249,56.13764286,13.9860537006667,5.46226309933333
2019-04-27,26.45119035,55.128258415,10.0797391705,6.055688492
2019-04-28,27.23933679,53.249876695,10.5854543745,6.193812581
2019-04-29,24.85743643,64.3433764633333,6.11300628433333,4.07832875466667
2019-04-30,24.5052435466667,60.37652767,12.1517620133333,5.81905097066667
2019-05-01,28.05387738,43.1166869,25.3587777033333,11.2110827433333
2019-05-02,29.1437083533333,43.3443194933333,20.3537609766667,9.063727968
2019-05-03,26.9268768866667,50.8214925966667,18.9895077366667,8.92884789233333
2019-05-04,25.586707305,55.159676155,21.4589468466667,8.554636219
2019-05-05,25.95520375,54.1390226366667,12.1152851596667,4.230525475
2019-05-06,31.15597913,40.61609149,14.04808033,4.0943896395
2019-05-07,27.341546055,51.03413377,21.592840185,8.585547435
2019-05-08,27.608139535,47.84244186,13.9561891225,5.747877435
2019-05-09,26.6249595,54.7443985,22.34056805,8.5745019505
2019-05-10,24.97557494,58.11923077,15.0077954705,5.648566826
2019-05-11,26.487929655,52.25747402,20.2888834,6.7225443235
2019-05-12,24.90810127,54.59113924,6.448825188,2.487694236
2019-05-13,27.830554865,50.336499875,20.446861,7.4446454295
2019-05-14,25.01339114,55.316361595,18.54524372,6.2438989865
2019-05-15,25.51046391,53.885283595,18.199659395,6.855253889
2019-05-16,25.2786849,53.393571845,16.17151762,5.052599163
2019-05-17,26.112829325,52.30761741,15.2971633,4.39020202
2019-05-18,24.016231345,65.08358209,13.569404564,6.9147601475
2019-05-19,23.65224913,56.13633218,5.8468372585,2.1885243055
2019-05-20,25.817195765,50.815608465,10.9304275145,4.5709494885
2019-05-21,25.284508545,53.71688034,12.127078595,4.466578058
2019-05-22,24.68427986,56.123702185,14.335851835,5.088380961
2019-05-23,25.650784315,57.947073905,19.6237285455,8.8865327905
2019-05-24,23.900641945,60.64895085,16.003488095,7.0506011915
2019-05-25,23.29229692,65.73633053,13.422680925,6.3609382055
2019-05-26,24.450406505,60.31686992,8.0687234745,5.21478247
2019-05-27,27.7918097,49.880018655,22.7106215,10.5229323625
2019-05-28,25.30322926,51.57084746,14.497816,5.5041672155
2019-05-29,25.111229865,55.69277252,22.544428605,9.469105142
2019-05-30,28.52867759,46.915625,14.37353033,4.719507507
2019-05-31,27.307637775,48.858162785,17.23277029,6.415280899
2019-06-01,30.10168307,46.35655399,18.2350507915,8.2639492055
2019-06-02,20.7,99.9,28.375,23.075
2019-06-03,22.98,83.34,14.81454545,10.10318182
2019-06-04,23.47674419,69.30930233,20.33627119,8.744067797
2019-06-05,20.28043478,79.53423913,22.00643979,13.53884817
2019-06-06,23.33608247,70.40824742,23.97903509,11.54938596
2019-06-07,26.26612903,57.44354839,23.83329412,10.67247059
2019-06-08,31.2,48.13888889,10.21453125,4.41953125
2019-06-09,19.4,81.29,8.605172414,4.209137931
2019-06-10,20.87012987,69.58441558,37.14627119,6.63279661
2019-06-11,21.26627907,64.66162791,27.56356061,8.880227273
2019-06-12,22.10357143,64.90357143,23.55111111,9.966111111
2019-06-13,26.675,54.51145833,17.07329341,7.226167665
2019-06-14,22.05,67.525,12.57011905,4.824404762
2019-06-15,24.09545455,57.69772727,10.11626866,4.599850746
2019-06-16,29.82115385,47.49423077,12.1026087,7.056086957
2019-06-17,NA,NA,NA,NA
2019-06-18,NA,NA,NA,NA
2019-06-19,NA,NA,NA,NA
2019-06-20,NA,NA,NA,NA
2019-06-21,NA,NA,NA,NA
2019-06-22,NA,NA,NA,NA
2019-06-23,NA,NA,NA,NA
2019-06-24,22.2,63.1,46.63,31.3
2019-06-25,21.325,67.3,30.23,22.998
2019-06-26,22.36428571,63.15714286,24.27142857,14.21357143
2019-06-27,NA,NA,NA,NA
2019-06-28,NA,NA,NA,NA
2019-06-29,NA,NA,NA,NA
2019-06-30,NA,NA,NA,NA
2019-07-01,NA,NA,NA,NA
2019-07-02,NA,NA,NA,NA
2019-07-03,NA,NA,NA,NA
2019-07-04,30.9516129,40.68387097,14.87425,4.32075
2019-07-05,25.55185185,49.88518519,22.31540541,9.224324324
2019-07-06,24.44927536,54.82173913,31.04205128,14.20042735
2019-07-07,28.78865979,44.12474227,22.59018349,10.95724771
2019-07-08,25.98695652,52.15942029,24.35952381,10.52857143
2019-07-09,29.18928571,40.9297619,22.30252427,8.818834951
2019-07-10,24.23923077,51.20923077,11.565985915,4.421971831
2019-07-11,25.2027027,53.31216216,19.5135,8.25325
2019-07-12,31.70128205,36.85769231,23.39139785,10.89602151
2019-07-13,31.19324324,36.92702703,23.08014085,8.530985915
2019-07-14,25.509375,52.953125,18.58511628,8.521860465
2019-07-15,23.6456456466667,49.96021021,21.45232143,8.411607145
2019-07-16,20.51129386,60.9597901,23.84764404,12.5226636835
2019-07-17,21.389828205,63.657418735,15.079957343,6.9515201465
2019-07-18,20.63241342,59.89962121,12.69823052,6.1016396105
2019-07-19,23.103482145,49.594017855,22.37801991,8.5792367255
2019-07-20,21.1,67.54,39.94625,25.41625
2019-07-21,29.61724138,41.78275862,13.8025,5.968125
2019-07-22,26.2755102,54.0755102,17.97433333,10.087
2019-07-23,25.3,48,28.09833333,13.40166667
2019-07-24,30.12666667,39.78,45.554074075,24.785814815
2019-07-25,32.10930233,36.69069767,30.39239437,14.02042254
2019-07-26,26.50357143,47.17857143,26.35465116,13.33790698
2019-07-27,28.6,38.35,21.51352941,10.05823529
2019-07-28,29.22307692,38.46923077,21.47391304,8.926956522
2019-07-29,25.38148148,50.69259259,24.08277228,10.24415842
2019-07-30,22.144,63.34,41.02921569,23.65745098
2019-07-31,23.18,63.74666667,31.83166667,17.64888889
2019-08-01,23.91578947,50,36.09325,16.039
2019-08-02,27.84090909,49.56060606,24.49241379,9.006091954
2019-08-03,29.044,45.132,12.76230769,5.253589744
2019-08-04,40.08235294,25.66470588,9.074347826,3.208695652
2019-08-05,27.82613592,40.215831715,23.779471655,11.5018290735
2019-08-06,27.487234515,50.888209265,23.203659625,9.2974350555
2019-08-07,25.17091111,68.39722222,17.535071305,7.5488713045
2019-08-08,29.41333333,41.26333333,19.97673267,5.905643564
2019-08-09,29.45555556,44.28472222,30.49011364,13.83522727
2019-08-10,29.07333333,36.90666667,11.83538462,4.608846154
2019-08-11,22.93333333,53.1,20.26153846,9.293846154
2019-08-12,26.24583333,46.3375,22.90771429,12.28457143
2019-08-13,29.4415493,41.81760563,21.19397436,8.170128205
2019-08-14,24.73461538,53.70230769,26.94227586,13.07565517
2019-08-15,23.50503597,50.22302158,20.01772152,7.361329114
2019-08-16,22.78135593,51.13728814,25.05225806,9.681532258
2019-08-17,26.79305556,44.21944444,15.80333333,7.157444444
2019-08-18,26.096875,47.665625,14.61717391,6.782173913
2019-08-19,20.92,63.66421053,37.68276596,19.59244681
2019-08-20,26.12375,49.2875,28.60536585,13.65268293
2019-08-21,26.63203125,47.55546875,28.33259542,12.7489313
2019-08-22,27.96929134,45.61259843,25.75139706,9.71
2019-08-23,26.3079301,63.29814944,35.422172925,14.287666335
2019-08-24,21.344229025,78.356573995,25.18922412,11.2311575845
2019-08-25,24.438894945,65.70749909,7.171616094,2.3190012725
2019-08-26,25.14556962,49.13860759,14.35994318,3.918181818
2019-08-27,30.85091954,50.64218391,18.742641365,6.921394202
2019-08-28,26.33288591,53.71744966,20.167571785,9.531731595
2019-08-29,26.68638743,55.74816754,45.68155779,29.45753769
2019-08-30,26.81144578,56.95301205,20.43820744,10.8646766505
2019-08-31,28.16486486,51.27567568,22.38332128,13.639077155
2019-09-01,34.51428571,43.72142857,17.9275141,11.66867281
2019-09-02,24.78,62.96705882,39.087797545,18.24308954
2019-09-03,27.54901961,48.80588235,19.792129505,9.5601632515
2019-09-04,25.52380952,53.16258503,25.238900805,12.337879203
2019-09-05,25.6652439,51.61158537,25.592429785,10.6979347515
2019-09-06,26.54022989,51.63333333,19.05906977,7.583488372
2019-09-07,24.03235294,59.01764706,20.47333333,12.642
2019-09-08,22.42,60.52,31.73866667,22.96333333
2019-09-09,23.024564555,55.83088792,26.96581938,13.43892743
2019-09-10,25.7487395,58.69243697,15.9734188,7.724529915
2019-09-11,29.40246914,46.23024691,13.79522293,4.19
2019-09-12,27.52735849,48.3245283,18.99973684,6.94
2019-09-13,27.37096774,39.47231183,24.48527523,10.077155965
2019-09-14,NA,NA,NA,NA
2019-09-15,NA,NA,NA,NA
2019-09-16,23.3,53.6,21.87222222,12.93666667
2019-09-17,NA,NA,12.58178082,5.399041096
2019-09-18,NA,NA,20.17918519,6.953555556
2019-09-19,27.65714286,37.41428571,22.79383333,9.12425
2019-09-20,NA,NA,19.43761589,8.766225166
2019-09-21,NA,NA,15.32333333,7.1825
2019-09-22,NA,NA,11.01,4.668333333
2019-09-23,NA,NA,28.71277778,12.03666667
2019-09-24,NA,NA,NA,NA
2019-09-25,NA,NA,NA,NA
2019-09-26,NA,NA,NA,NA
2019-09-27,NA,NA,NA,NA
2019-09-28,NA,NA,NA,NA
2019-09-29,NA,NA,NA,NA
2019-09-30,NA,NA,NA,NA
2019-10-01,NA,NA,NA,NA
2019-10-02,NA,NA,NA,NA
2019-10-03,NA,NA,9.326666667,2.683333333
2019-10-04,NA,NA,22.22636364,7.247897727
2019-10-05,NA,NA,13.674375,5.6135
2019-10-06,NA,NA,5.916666667,3.684444444
2019-10-07,NA,NA,17.15363636,5.914848485
2019-10-08,NA,NA,16.13333333,5.037619048
2019-10-09,NA,NA,17.33317647,4.128588235
2019-10-10,NA,NA,11.64282609,3.855652174
2019-10-11,NA,NA,12.0687037,5.642407407
2019-10-12,NA,NA,12.73694444,5.098888889
2019-10-13,NA,NA,4.506875,1.929375
2019-10-14,NA,NA,13.36483871,4.617419355
2019-10-15,NA,NA,19.43611111,5.862222222
2019-10-16,NA,NA,19.64306306,5.945315315
2019-10-17,NA,NA,13.38657895,7.464539474
2019-10-18,NA,NA,11.30926174,6.260604027
2019-10-19,NA,NA,11.1578,7.3966
2019-10-20,NA,NA,12.01344828,5.18
2019-10-21,NA,NA,12.34458333,5.089166667
2019-10-22,NA,NA,23.70468966,6.844965517
2019-10-23,NA,NA,17.74864198,6.841481481
2019-10-24,NA,NA,17.63837607,6.29957265
2019-10-25,NA,NA,21.3005314,7.210241546
2019-10-26,NA,NA,13.04966887,5.893509934
2019-10-27,NA,NA,8.768461538,3.259076923
2019-10-28,NA,NA,32.04969325,10.40496933
2019-10-29,NA,NA,28.73447368,10.87381579
2019-10-30,NA,NA,24.90447368,7.928026316
2019-10-31,NA,NA,14.81297619,5.971666667
2019-11-01,NA,NA,14.83480392,6.306960784
2019-11-02,NA,NA,13.1555,7.629166667
2019-11-03,NA,NA,10.99150943,6.433207547
2019-11-04,NA,NA,29.2830303,11.83656566
2019-11-05,NA,NA,22.84247191,10.12348315
2019-11-06,NA,NA,19.26591549,7.473661972
2019-11-07,NA,NA,15.98,5.424603175
2019-11-08,NA,NA,23.37035714,7.357678571
2019-11-09,NA,NA,16.55134615,7.036730769
2019-11-10,NA,NA,11.77628571,3.929428571
2019-11-11,NA,NA,20.75192308,6.581410256
2019-11-12,NA,NA,14.38211111,6.066444444
2019-11-13,NA,NA,18.39150442,10.82380531
2019-11-14,NA,NA,23.87447059,10.32141176
2019-11-15,NA,NA,32.58888889,9.253095238
2019-11-16,NA,NA,30.3016129,9.313709677
2019-11-17,NA,NA,28.1168,9.2284
2019-11-18,NA,NA,31.97626667,11.0658
2019-11-19,NA,NA,29.50237113,10.60494845
2019-11-20,NA,NA,24.46572368,8.010921053
2019-11-21,NA,NA,20.23706667,6.764733333
2019-11-22,NA,NA,20.96006623,7.480662252
2019-11-23,NA,NA,18.47831683,6.184356436
2019-11-24,NA,NA,6.797804878,3.140731707
2019-11-25,NA,NA,11.0211828,4.75311828
2019-11-26,NA,NA,18.48153846,9.624615385
2019-11-27,21.09702381,73.78095238,19.163147535,8.0691782235
2019-11-28,22.5410596,71.57508306,19.364375,9.520350877
2019-11-29,21.2330303,81.47666667,23.20454819,14.34560241
2019-11-30,23.82427184,75.50341463,10.59965,6.884477612
2019-12-01,20.06428571,89.47142857,8.128,6.495333333
2019-12-02,21,88.28666667,11.70529412,7.178823529
2019-12-03,20.88530612,99.16979592,8.846,6.126
2019-12-04,21.35306748,96.40858896,NA,NA
2019-12-05,20.65255255,99.54668675,NA,NA
2019-12-06,22.15189504,98.59650146,NA,NA
2019-12-07,21.13878788,96.4489426,NA,NA
2019-12-08,22.03254593,91.40446194,NA,NA
2019-12-09,21.32911051,88.37466307,NA,NA
2019-12-10,20.54441261,88.66189112,NA,NA
2019-12-11,21.38466077,84.79230769,NA,NA
2019-12-12,21.58385269,82.21189802,NA,NA
2019-12-13,22.6920904,78.51282051,NA,NA
2019-12-14,22.09048991,81.18731988,NA,NA
2019-12-15,22.66650124,78.7528536,NA,NA
2019-12-16,22.31044304,78.84018987,NA,NA
2019-12-17,22.46552795,78.73188854,NA,NA
2019-12-18,22.85828877,75.75481283,NA,NA
2019-12-19,21.63957219,68.26336898,NA,NA
2019-12-20,22.3635,71.81325,NA,NA
2019-12-21,22.02382199,78.32715405,NA,NA
2019-12-22,22.17948113,79.44113475,NA,NA
2019-12-23,22.7339196,78.66155779,NA,NA
2019-12-24,22.91670762,78.16732187,NA,NA
2019-12-25,23.70024213,75.06618357,NA,NA
2019-12-26,22.36554217,80.18192771,NA,NA
2019-12-27,23.25483871,81.91941176,NA,NA
2019-12-28,NA,NA,NA,NA
2019-12-29,NA,NA,NA,NA
2019-12-30,NA,NA,NA,NA
2019-12-31,NA,NA,NA,NA
2020-01-01,NA,NA,NA,NA
2020-01-02,NA,NA,NA,NA
2020-01-03,NA,NA,NA,NA
2020-01-04,NA,NA,NA,NA
2020-01-05,NA,NA,NA,NA
2020-01-06,NA,NA,NA,NA
2020-01-07,NA,NA,NA,NA
2020-01-08,NA,NA,NA,NA
2020-01-09,NA,NA,NA,NA
2020-01-10,NA,NA,NA,NA
2020-01-11,NA,NA,NA,NA
2020-01-12,NA,NA,NA,NA
2020-01-13,NA,NA,NA,NA
2020-01-14,NA,NA,NA,NA
2020-01-15,NA,NA,NA,NA
2020-01-16,NA,NA,NA,NA
2020-01-17,NA,NA,NA,NA
2020-01-18,NA,NA,NA,NA
2020-01-19,NA,NA,NA,NA
2020-01-20,NA,NA,NA,NA
2020-01-21,NA,NA,NA,NA
2020-01-22,NA,NA,NA,NA
2020-01-23,NA,NA,NA,NA
2020-01-24,NA,NA,NA,NA
2020-01-25,NA,NA,NA,NA
2020-01-26,NA,NA,NA,NA
2020-01-27,NA,NA,NA,NA
2020-01-28,NA,NA,NA,NA
2020-01-29,NA,NA,NA,NA
2020-01-30,NA,NA,NA,NA
2020-01-31,NA,NA,NA,NA
2020-02-01,NA,NA,NA,NA
2020-02-02,NA,NA,NA,NA
2020-02-03,NA,NA,NA,NA
2020-02-04,NA,NA,NA,NA
2020-02-05,NA,NA,NA,NA
2020-02-06,NA,NA,NA,NA
2020-02-07,NA,NA,NA,NA
2020-02-08,NA,NA,NA,NA
2020-02-09,NA,NA,NA,NA
2020-02-10,NA,NA,NA,NA
2020-02-11,NA,NA,NA,NA
2020-02-12,NA,NA,NA,NA
2020-02-13,NA,NA,NA,NA
2020-02-14,NA,NA,NA,NA
2020-02-15,NA,NA,NA,NA
2020-02-16,NA,NA,NA,NA
2020-02-17,NA,NA,NA,NA
2020-02-18,NA,NA,NA,NA
2020-02-19,NA,NA,NA,NA
2020-02-20,NA,NA,NA,NA
2020-02-21,NA,NA,NA,NA
2020-02-22,NA,NA,NA,NA
2020-02-23,NA,NA,NA,NA
2020-02-24,NA,NA,NA,NA
2020-02-25,NA,NA,NA,NA
2020-02-26,NA,NA,NA,NA
2020-02-27,NA,NA,NA,NA
2020-02-28,25.15555556,57.30555556,13.09428571,7.491428571
2020-02-29,NA,NA,NA,NA
2020-03-01,NA,NA,NA,NA
2020-03-02,NA,NA,NA,NA
2020-03-03,NA,NA,NA,NA
2020-03-04,NA,NA,NA,NA
2020-03-05,24,56,6.97,3.65
2020-03-06,NA,NA,NA,NA
2020-03-07,NA,NA,NA,NA
2020-03-08,NA,NA,NA,NA
2020-03-09,NA,NA,NA,NA
2020-03-10,NA,NA,NA,NA
2020-03-11,NA,NA,NA,NA
2020-03-12,NA,NA,NA,NA
2020-03-13,NA,NA,NA,NA
2020-03-14,NA,NA,NA,NA
2020-03-15,NA,NA,NA,NA
2020-03-16,NA,NA,NA,NA
2020-03-17,NA,NA,NA,NA
2020-03-18,NA,NA,NA,NA
2020-03-19,NA,NA,NA,NA
2020-03-20,NA,NA,NA,NA
2020-03-21,NA,NA,NA,NA
2020-03-22,NA,NA,NA,NA
2020-03-23,NA,NA,NA,NA
2020-03-24,NA,NA,NA,NA
2020-03-25,NA,NA,NA,NA
2020-03-26,NA,NA,NA,NA
2020-03-27,NA,NA,NA,NA
2020-03-28,NA,NA,NA,NA
2020-03-29,NA,NA,NA,NA
2020-03-30,NA,NA,NA,NA
2020-03-31,NA,NA,NA,NA
2020-04-01,NA,NA,NA,NA
2020-04-02,NA,NA,NA,NA
2020-04-03,NA,NA,NA,NA
2020-04-04,NA,NA,NA,NA
2020-04-05,NA,NA,NA,NA
2020-04-06,NA,NA,NA,NA
2020-04-07,NA,NA,NA,NA
2020-04-08,NA,NA,NA,NA
2020-04-09,NA,NA,NA,NA
2020-04-10,NA,NA,NA,NA
2020-04-11,NA,NA,NA,NA
2020-04-12,NA,NA,NA,NA
2020-04-13,NA,NA,NA,NA
2020-04-14,NA,NA,NA,NA
2020-04-15,NA,NA,NA,NA
2020-04-16,NA,NA,NA,NA
2020-04-17,NA,NA,NA,NA
2020-04-18,NA,NA,NA,NA
2020-04-19,NA,NA,NA,NA
2020-04-20,NA,NA,NA,NA
2020-04-21,NA,NA,NA,NA
2020-04-22,NA,NA,NA,NA
2020-04-23,NA,NA,NA,NA
2020-04-24,NA,NA,NA,NA
2020-04-25,NA,NA,NA,NA
2020-04-26,NA,NA,NA,NA
2020-04-27,NA,NA,NA,NA
2020-04-28,NA,NA,NA,NA
2020-04-29,NA,NA,NA,NA
2020-04-30,NA,NA,NA,NA
2020-05-01,NA,NA,NA,NA
2020-05-02,NA,NA,NA,NA
2020-05-03,NA,NA,NA,NA
2020-05-04,NA,NA,NA,NA
2020-05-05,NA,NA,NA,NA
2020-05-06,NA,NA,NA,NA
2020-05-07,NA,NA,NA,NA
2020-05-08,NA,NA,NA,NA
2020-05-09,NA,NA,NA,NA
2020-05-10,NA,NA,NA,NA
2020-05-11,NA,NA,NA,NA
2020-05-12,NA,NA,NA,NA
2020-05-13,NA,NA,NA,NA
2020-05-14,NA,NA,NA,NA
2020-05-15,NA,NA,NA,NA
2020-05-16,NA,NA,NA,NA
2020-05-17,NA,NA,NA,NA
2020-05-18,0,0,NA,NA
2020-05-19,NA,NA,NA,NA
2020-05-20,NA,NA,NA,NA
2020-05-21,NA,NA,NA,NA
2020-05-22,NA,NA,NA,NA
2020-05-23,NA,NA,NA,NA
2020-05-24,NA,NA,NA,NA
2020-05-25,NA,NA,NA,NA
2020-05-26,0,0,NA,NA
2020-05-27,NA,NA,NA,NA
2020-05-28,NA,NA,NA,NA
2020-05-29,NA,NA,NA,NA
2020-05-30,NA,NA,NA,NA
2020-05-31,NA,NA,NA,NA
2020-06-01,NA,NA,NA,NA
2020-06-02,NA,NA,NA,NA
2020-06-03,NA,NA,NA,NA
2020-06-04,NA,NA,NA,NA
2020-06-05,NA,NA,NA,NA
2020-06-06,NA,NA,NA,NA
2020-06-07,NA,NA,NA,NA
2020-06-08,NA,NA,NA,NA
2020-06-09,NA,NA,NA,NA
2020-06-10,NA,NA,NA,NA
2020-06-11,NA,NA,NA,NA
2020-06-12,NA,NA,NA,NA
2020-06-13,NA,NA,NA,NA
2020-06-14,NA,NA,NA,NA
2020-06-15,NA,NA,NA,NA
2020-06-16,NA,NA,NA,NA
2020-06-17,NA,NA,10.917,6.427333333
2020-06-18,NA,NA,NA,NA
2020-06-19,NA,NA,NA,NA
2020-06-20,NA,NA,NA,NA
2020-06-21,NA,NA,NA,NA
2020-06-22,-85.84883721,-16.52093023,NA,NA
2020-06-23,NA,NA,NA,NA
2020-06-24,NA,NA,NA,NA
2020-06-25,NA,NA,NA,NA
2020-06-26,NA,NA,NA,NA
2020-06-27,NA,NA,NA,NA
2020-06-28,NA,NA,NA,NA
2020-06-29,NA,NA,NA,NA
2020-06-30,NA,NA,NA,NA
2020-07-01,2.685714286,44.59642857,19,39.30555556
2020-07-02,1.121052632,45.38421053,24.14083333,22.98027778
2020-07-03,NA,NA,NA,NA
2020-07-04,NA,NA,NA,NA
2020-07-05,NA,NA,NA,NA
2020-07-06,NA,NA,NA,NA
2020-07-07,22.23333333,62.43333333,32.14,30.40444444
2020-07-08,22.32808989,67.85280899,55.90480519,47.88818182
2020-07-09,21.96896552,65.89310345,22.42068966,21.67793103
2020-07-10,22.13333333,69.54666667,20.70733333,20.49666667
2020-07-11,NA,NA,NA,NA
2020-07-12,NA,NA,NA,NA
2020-07-13,NA,NA,NA,NA
2020-07-14,NA,NA,NA,NA
2020-07-15,NA,NA,NA,NA
2020-07-16,NA,NA,NA,NA
2020-07-17,NA,NA,NA,NA
2020-07-18,NA,NA,NA,NA
2020-07-19,NA,NA,NA,NA
2020-07-20,23.24,58.74,68.54272727,52.79545455
2020-07-21,NA,NA,NA,NA
2020-07-22,20.96666667,66.76666667,17.62333333,17.62333333
2020-07-23,NA,NA,NA,NA
2020-07-24,NA,NA,NA,NA
2020-07-25,NA,NA,NA,NA
2020-07-26,NA,NA,NA,NA
2020-07-27,21.525,62.975,45.125,38.75
2020-07-28,NA,NA,NA,NA
2020-07-29,NA,NA,NA,NA
2020-07-30,NA,NA,NA,NA
2020-07-31,NA,NA,NA,NA
2020-08-01,NA,NA,NA,NA
2020-08-02,NA,NA,NA,NA
2020-08-03,NA,NA,NA,NA
2020-08-04,NA,NA,NA,NA
2020-08-05,NA,NA,NA,NA
2020-08-06,NA,NA,NA,NA
2020-08-07,NA,NA,NA,NA
2020-08-08,NA,NA,NA,NA
2020-08-09,NA,NA,NA,NA
2020-08-10,NA,NA,NA,NA
2020-08-11,NA,NA,NA,NA
2020-08-12,NA,NA,NA,NA
2020-08-13,NA,NA,NA,NA
2020-08-14,NA,NA,NA,NA
2020-08-15,NA,NA,NA,NA
2020-08-16,NA,NA,NA,NA
2020-08-17,NA,NA,NA,NA
2020-08-18,NA,NA,NA,NA
2020-08-19,NA,NA,NA,NA
2020-08-20,NA,NA,NA,NA
2020-08-21,NA,NA,NA,NA
2020-08-22,NA,NA,NA,NA
2020-08-23,NA,NA,NA,NA
2020-08-24,NA,NA,NA,NA
2020-08-25,NA,NA,NA,NA
2020-08-26,NA,NA,NA,NA
2020-08-27,NA,NA,NA,NA
2020-08-28,NA,NA,NA,NA
2020-08-29,NA,NA,NA,NA
2020-08-30,NA,NA,NA,NA
2020-08-31,NA,NA,NA,NA
2020-09-01,NA,NA,NA,NA
2020-09-02,NA,NA,NA,NA
2020-09-03,NA,NA,NA,NA
2020-09-04,NA,NA,NA,NA
2020-09-05,NA,NA,NA,NA
2020-09-06,NA,NA,NA,NA
2020-09-07,NA,NA,NA,NA
2020-09-08,NA,NA,NA,NA
2020-09-09,NA,NA,NA,NA
2020-09-10,NA,NA,NA,NA
2020-09-11,NA,NA,NA,NA
2020-09-12,NA,NA,NA,NA
2020-09-13,NA,NA,NA,NA
2020-09-14,NA,NA,NA,NA
2020-09-15,NA,NA,NA,NA
2020-09-16,NA,NA,NA,NA
2020-09-17,NA,NA,NA,NA
2020-09-18,NA,NA,NA,NA
2020-09-19,NA,NA,NA,NA
2020-09-20,NA,NA,NA,NA
2020-09-21,NA,NA,NA,NA
2020-09-22,NA,NA,NA,NA
2020-09-23,NA,NA,NA,NA
2020-09-24,NA,NA,NA,NA
2020-09-25,NA,NA,NA,NA
2020-09-26,NA,NA,NA,NA
2020-09-27,NA,NA,NA,NA
2020-09-28,NA,NA,NA,NA
2020-09-29,NA,NA,NA,NA
2020-09-30,NA,NA,NA,NA
2020-10-01,NA,NA,NA,NA
2020-10-02,NA,NA,NA,NA
2020-10-03,NA,NA,NA,NA
2020-10-04,NA,NA,NA,NA
2020-10-05,NA,NA,NA,NA
2020-10-06,NA,NA,NA,NA
2020-10-07,NA,NA,NA,NA
2020-10-08,29.46590909,53.97045455,25.83234043,25.75042553
2020-10-09,NA,NA,NA,NA
2020-10-10,NA,NA,NA,NA
2020-10-11,NA,NA,NA,NA
2020-10-12,NA,NA,NA,NA
2020-10-13,NA,NA,NA,NA
2020-10-14,NA,NA,NA,NA
2020-10-15,NA,NA,NA,NA
2020-10-16,NA,NA,NA,NA
2020-10-17,NA,NA,NA,NA
2020-10-18,NA,NA,NA,NA
2020-10-19,NA,NA,NA,NA
2020-10-20,NA,NA,NA,NA
2020-10-21,NA,NA,NA,NA
2020-10-22,NA,NA,NA,NA
2020-10-23,NA,NA,NA,NA
2020-10-24,NA,NA,NA,NA
2020-10-25,NA,NA,NA,NA
2020-10-26,NA,NA,NA,NA
2020-10-27,NA,NA,NA,NA
2020-10-28,NA,NA,NA,NA
2020-10-29,21.78181818,76.5030303,24.74681818,22.97242424
2020-10-30,22.08289474,68.89868421,15.33721311,14.60918033
2020-10-31,NA,NA,NA,NA
2020-11-01,NA,NA,NA,NA
2020-11-02,NA,NA,NA,NA
2020-11-03,NA,NA,NA,NA
2020-11-04,NA,NA,NA,NA
2020-11-05,NA,NA,NA,NA
2020-11-06,NA,NA,NA,NA
2020-11-07,NA,NA,NA,NA
2020-11-08,NA,NA,NA,NA
2020-11-09,NA,NA,NA,NA
2020-11-10,NA,NA,NA,NA
2020-11-11,NA,NA,NA,NA
2020-11-12,NA,NA,NA,NA
2020-11-13,NA,NA,NA,NA
2020-11-14,NA,NA,NA,NA
2020-11-15,NA,NA,NA,NA
2020-11-16,NA,NA,NA,NA
2020-11-17,NA,NA,NA,NA
2020-11-18,NA,NA,NA,NA
2020-11-19,NA,NA,NA,NA
2020-11-20,NA,NA,NA,NA
2020-11-21,NA,NA,NA,NA
2020-11-22,NA,NA,NA,NA
2020-11-23,NA,NA,NA,NA
2020-11-24,NA,NA,NA,NA
2020-11-25,NA,NA,NA,NA
2020-11-26,NA,NA,NA,NA
2020-11-27,NA,NA,NA,NA
2020-11-28,NA,NA,NA,NA
2020-11-29,NA,NA,NA,NA
2020-11-30,NA,NA,NA,NA
2020-12-01,25.50857143,63.18571429,26.00907216,8.221443299
2020-12-02,24.91862069,61.65862069,29.30381579,8.376315789
2020-12-03,24.92967742,59.24387097,33.28094937,12.4378481
2020-12-04,24.61294964,61.2323741,31.85789474,13.47458647
2020-12-05,25.46031746,54.68095238,22.49277778,9.429444444
2020-12-06,25.34473684,58.72368421,19.58772727,9.020454545
2020-12-07,25.59668874,57.71456954,27.6579375,9.8681875
2020-12-08,25.80258621,60.55948276,18.087,5.827727273
2020-12-09,25.34394904,61.16433121,21.58938272,7.685802469
2020-12-10,24.95959596,61.8,22.66705357,8.326339286
2020-12-11,25.14552239,51.83059701,22.49788732,6.910070423
2020-12-12,25.32222222,56.6037037,23.868,8.1252
2020-12-13,23.91538462,56.35384615,20.88666667,7.601333333
2020-12-14,25.212,49.184,25.16924528,8.031132075
2020-12-15,24.74137931,54.57931034,24.4375,7.448076923
2020-12-16,25.59259259,53.07407407,25.34694915,8.059322034
2020-12-17,25.42666667,57.02666667,29.55666667,10.27211111
2020-12-18,25.39137931,52.44655172,26.203375,8.982375
2020-12-19,25.425,53.9875,31.296,12.924
2020-12-20,25.12222222,57.51111111,17.98714286,5.661428571
2020-12-21,25.0490566,57.97169811,14.34037037,4.445925926
2020-12-22,25.64,54.97,16.1375,4.608125
2020-12-23,24.43157895,56.86842105,16.45692308,6.206153846
2020-12-24,23.3,73.25,14.60666667,6.703333333
2020-12-25,26.75,48.5,8.69,4.246666667
2020-12-26,23.35,65,15.2,5.21
2020-12-27,24,56.3,NA,NA
2020-12-28,23.73636364,51.35454545,17.07083333,6.350833333
2020-12-29,23.55,57.4,16.66666667,8.336666667
2020-12-30,24.72222222,55.49444444,15.869375,5.91125
2020-12-31,24.2,66.7,8.813333333,5.046666667
2021-01-01,22.075,72.9,12.36,4.255
2021-01-02,24.33333333,53.56666667,7.34,2.275
2021-01-03,22.59090909,66.16363636,17.86125,6.1
2021-01-04,24.37894737,55.51052632,16.46585366,5.16597561
2021-01-05,25.3,54.82575758,18.59586957,6.161847826
2021-01-06,24.74955752,56.76017699,18.06932773,6.382268908
2021-01-07,25.00746269,54.66492537,25.30556391,8.552556391
2021-01-08,24.82377622,58.32937063,23.83266234,9.421493506
2021-01-09,24.37692308,69.41538462,26.49409091,17.35681818
2021-01-10,22.9,75.49090909,18.45625,10.29
2021-01-11,23.27372263,71.85036496,35.0784127,12.5702381
2021-01-12,23.4034188,70.92222222,31.76211009,10.92899083
2021-01-13,23.58105263,69.56736842,37.04886598,10.56103093
2021-01-14,24.99405941,56.75445545,32.55873786,8
2021-01-15,24.44692737,59.22793296,29.33557471,7.558908046
2021-01-16,26.17407407,50.31111111,21.26027778,5.91
2021-01-17,26.21052632,53.08421053,19.03863636,7.314090909
2021-01-18,25.74253731,57.34104478,20.52809211,9.015
2021-01-19,25.87642857,56.99428571,25.50819444,11.32826389
2021-01-20,26.27987013,45.85909091,28.03385093,9.145465839
2021-01-21,24.98108108,55.91418919,33.72664671,10.6960479
2021-01-22,24.50416667,65.20729167,28.35855769,10.30423077
2021-01-23,25.43492063,58.83650794,18.26042857,6.127714286
2021-01-24,24.45,57.7925,15.8976087,5.465217391
2021-01-25,25.00684932,56.9369863,19.151,6.8428125
2021-01-26,21.29090909,71.32272727,26.39277778,10.99222222
2021-01-27,NA,NA,NA,NA
2021-01-28,NA,NA,NA,NA
2021-01-29,NA,NA,NA,NA
2021-01-30,NA,NA,NA,NA
2021-01-31,NA,NA,NA,NA
2021-02-01,NA,NA,NA,NA
2021-02-02,NA,NA,NA,NA
2021-02-03,NA,NA,NA,NA
2021-02-04,NA,NA,NA,NA
2021-02-05,NA,NA,NA,NA
2021-02-06,NA,NA,NA,NA
2021-02-07,NA,NA,NA,NA
2021-02-08,NA,NA,NA,NA
2021-02-09,NA,NA,NA,NA
2021-02-10,NA,NA,NA,NA
2021-02-11,NA,NA,NA,NA
2021-02-12,NA,NA,NA,NA
2021-02-13,NA,NA,NA,NA
2021-02-14,NA,NA,NA,NA
2021-02-15,NA,NA,NA,NA
2021-02-16,24.01875,49.88625,25.91472656,24.40285156
2021-02-17,24.42344322,48.72051282,22.68778075,21.14847594
2021-02-18,23.82781316,43.42696391,20.67174737,19.35917895
2021-02-19,23.49389313,45.79694656,20.92896175,19.76431694
2021-02-20,NA,NA,NA,NA
2021-02-21,NA,NA,NA,NA
2021-02-22,NA,NA,NA,NA
2021-02-23,NA,NA,NA,NA
2021-02-24,NA,NA,NA,NA
2021-02-25,NA,NA,NA,NA
2021-02-26,NA,NA,NA,NA
2021-02-27,NA,NA,NA,NA
2021-02-28,NA,NA,NA,NA
2021-03-01,NA,NA,NA,NA
2021-03-02,NA,NA,NA,NA
2021-03-03,NA,NA,NA,NA
2021-03-04,NA,NA,NA,NA
2021-03-05,NA,NA,NA,NA
2021-03-06,NA,NA,NA,NA
2021-03-07,NA,NA,NA,NA
2021-03-08,NA,NA,NA,NA
2021-03-09,NA,NA,NA,NA
2021-03-10,NA,NA,NA,NA
2021-03-11,NA,NA,NA,NA
2021-03-12,NA,NA,NA,NA
2021-03-13,NA,NA,NA,NA
2021-03-14,NA,NA,NA,NA
2021-03-15,NA,NA,NA,NA
2021-03-16,NA,NA,NA,NA
2021-03-17,NA,NA,NA,NA
2021-03-18,NA,NA,NA,NA
2021-03-19,NA,NA,NA,NA
2021-03-20,NA,NA,NA,NA
2021-03-21,NA,NA,NA,NA
2021-03-22,NA,NA,NA,NA
2021-03-23,NA,NA,NA,NA
2021-03-24,NA,NA,NA,NA
2021-03-25,NA,NA,NA,NA
2021-03-26,NA,NA,NA,NA
2021-03-27,NA,NA,NA,NA
2021-03-28,NA,NA,NA,NA
2021-03-29,NA,NA,NA,NA
2021-03-30,NA,NA,NA,NA
2021-03-31,NA,NA,NA,NA
2021-04-01,NA,NA,NA,NA
2021-04-02,NA,NA,NA,NA
2021-04-03,NA,NA,NA,NA
2021-04-04,NA,NA,NA,NA
2021-04-05,NA,NA,NA,NA
2021-04-06,NA,NA,NA,NA
2021-04-07,NA,NA,NA,NA
2021-04-08,NA,NA,NA,NA
2021-04-09,NA,NA,NA,NA
2021-04-10,NA,NA,NA,NA
2021-04-11,NA,NA,NA,NA
2021-04-12,NA,NA,NA,NA
2021-04-13,NA,NA,NA,NA
2021-04-14,NA,NA,NA,NA
2021-04-15,NA,NA,NA,NA
2021-04-16,23.21043771,69.25521886,11.31791246,5.253670034
2021-04-17,23.71862069,69.48189655,7.870206897,4.128189655
2021-04-18,23.72956522,69.98486957,4.499462738,2.525857886
2021-04-19,23.35268631,69.86984402,8.049584775,3.417110727
2021-04-20,22.79819005,76.64751131,7.925401786,4.392008929
2021-04-21,NA,NA,NA,NA
2021-04-22,NA,NA,NA,NA
2021-04-23,NA,NA,NA,NA
2021-04-24,NA,NA,NA,NA
2021-04-25,NA,NA,NA,NA
2021-04-26,NA,NA,NA,NA
2021-04-27,NA,NA,NA,NA
2021-04-28,25.05714286,64.64285714,5.15625,4.775
2021-04-29,NA,NA,NA,NA
2021-04-30,NA,NA,NA,NA
2021-05-01,NA,NA,NA,NA
2021-05-02,NA,NA,NA,NA
2021-05-03,NA,NA,NA,NA
2021-05-04,NA,NA,NA,NA
2021-05-05,NA,NA,NA,NA
2021-05-06,NA,NA,NA,NA
2021-05-07,NA,NA,NA,NA
2021-05-08,NA,NA,NA,NA
2021-05-09,NA,NA,NA,NA
2021-05-10,NA,NA,NA,NA
2021-05-11,NA,NA,NA,NA
2021-05-12,NA,NA,NA,NA
2021-05-13,NA,NA,NA,NA
2021-05-14,NA,NA,NA,NA
2021-05-15,NA,NA,NA,NA
2021-05-16,NA,NA,NA,NA
2021-05-17,NA,NA,NA,NA
2021-05-18,NA,NA,NA,NA
2021-05-19,NA,NA,NA,NA
2021-05-20,NA,NA,NA,NA
2021-05-21,NA,NA,NA,NA
2021-05-22,NA,NA,NA,NA
2021-05-23,NA,NA,NA,NA
2021-05-24,NA,NA,NA,NA
2021-05-25,NA,NA,NA,NA
2021-05-26,NA,NA,NA,NA
2021-05-27,NA,NA,NA,NA
2021-05-28,NA,NA,NA,NA
2021-05-29,NA,NA,NA,NA
2021-05-30,NA,NA,NA,NA
2021-05-31,NA,NA,NA,NA
2021-06-01,NA,NA,NA,NA
2021-06-02,NA,NA,NA,NA
2021-06-03,NA,NA,NA,NA
2021-06-04,NA,NA,NA,NA
2021-06-05,NA,NA,NA,NA
2021-06-06,NA,NA,NA,NA
2021-06-07,NA,NA,NA,NA
2021-06-08,NA,NA,NA,NA
2021-06-09,22.27529343,73.92887324,14.87881871,14.31302339
2021-06-10,21.76864232,73.49717436,8.860668504,8.468332185
2021-06-11,22.94414977,65.56482059,16.56376755,15.66332293
2021-06-12,21.02605714,74.77081905,17.23690404,16.17279893
2021-06-13,21.85216573,71.35389831,17.99703466,16.83563677
2021-06-14,22.36088963,69.30436425,29.94815217,27.05565217
2021-06-15,22.1806784,74.50871619,33.74448663,30.20143227
2021-06-16,21.66994073,77.01435224,28.10182594,25.85921928
2021-06-17,21.30746411,76.16023923,27.64539014,24.92583533
2021-06-18,22.3052954,70.17194748,15.33628497,14.57920455
2021-06-19,21.98826858,71.87563184,11.64228593,11.04583176
2021-06-20,20.87492459,68.98054299,10.48662142,10.02694947
2021-06-21,20.89726307,65.90359477,21.64850471,19.84220401
2021-06-22,21.28702618,71.21715514,16.78645955,15.46670574
2021-06-23,20.03679907,73.26238318,32.1432905,28.7517796
2021-06-24,21.11774691,68.61087963,21.45488812,19.35466435
2021-06-25,20.38921382,74.33733384,34.1203227,29.7814085
2021-06-26,21.09479442,76.5495662,24.12594493,22.45347039
2021-06-27,19.37857957,81.44135967,15.75433726,14.99613369
2021-06-28,21.14493895,69.18420638,24.84614353,23.06322161
2021-06-29,21.02160677,71.75281184,9.493807514,9.031705361
2021-06-30,21.15858059,68.96619888,13.51769972,12.72737856
2021-07-01,21.29209125,73.43342205,35.3434551,30.64602359
2021-07-02,21.78114785,73.04211326,21.75898099,20.06546388
2021-07-03,20.46064722,76.12481023,29.61380895,26.67859712
2021-07-04,20.36457551,70.54087153,16.42623967,15.83993238
2021-07-05,19.81527565,77.16650077,24.90754211,23.00375191
2021-07-06,19.79658595,77.17884081,14.52155865,13.89058449
2021-07-07,20.1232,71.64213333,16.70563643,16.07099466
2021-07-08,20.05520958,81.03317365,27.28728868,24.3805622
2021-07-09,19.46796231,82.14837063,20.81860958,19.96423802
2021-07-10,18.7943074,78.31855787,25.21145027,23.47545178
2021-07-11,18.55192453,82.03264151,29.06540755,25.8610566
2021-07-12,18.56140147,89.58075881,18.50151163,17.39614341
2021-07-13,20.17179383,76.05223214,17.33804967,16.18932003
2021-07-14,22.16597896,71.31436084,9.058803245,8.668073022
2021-07-15,21.27686682,76.17671286,23.13417405,21.06215633
2021-07-16,21.78126541,64.60558751,17.10880768,16.39078399
2021-07-17,20.28902256,69.37364662,25.04295489,23.66182331
2021-07-18,20.25923994,72.06766021,21.89096834,20.22997765
2021-07-19,21.31505629,69.68972795,28.4459275,25.47900188
2021-07-20,22.08336506,66.70624286,22.80071592,21.34873572
2021-07-21,21.17472136,70.93401694,22.43172768,19.96665179
2021-07-22,22.85019125,64.49830004,5.468361702,5.213191489
2021-07-23,22.65026094,63.68671216,7.822688907,7.496241961
2021-07-24,22.23914027,55.75961538,12.1463914,11.63450226
2021-07-25,21.81198488,59.47183365,20.49455371,19.50865356
2021-07-26,21.1616242,56.41142516,19.80891946,18.92884769
2021-07-27,21.2064978,60.66921806,25.69368798,23.09957552
2021-07-28,21.32479538,64.07558979,21.98114578,21.04952706
2021-07-29,20.23091419,71.1521251,33.75347495,29.65179559
2021-07-30,20.40278315,68.75334364,20.71998453,19.3021191
2021-07-31,21.26753788,57.87397727,15.01929924,14.25120455
2021-08-01,20.37902736,64.7774696,7.860744681,7.425467325
2021-08-02,21.47488213,60.12486069,14.16276824,12.95451931
2021-08-03,21.22599513,62.55873274,22.32215639,20.75833132
2021-08-04,20.16400336,65.91560135,24.72939445,23.06835576
2021-08-05,21.5253268,64.62712418,25.52680278,23.14653736
2021-08-06,20.72006395,71.7872502,49.63540551,41.33548542
2021-08-07,21.98241881,68.90377006,23.86973881,22.25324627
2021-08-08,21.62413665,72.36761975,24.81819532,22.9069068
2021-08-09,21.42239044,74.98629482,29.95946279,26.69111421
2021-08-10,21.48301812,78.34062254,36.19639906,31.57519087
2021-08-11,20.31678322,82.28364413,33.17500973,29.08907746
2021-08-12,19.61858509,86.65460803,68.50117017,56.23101721
2021-08-13,20.13605168,79.22369802,46.05936187,39.09274233
2021-08-14,19.57274085,79.0896938,24.85016063,22.71684722
2021-08-15,19.92287012,71.21359334,12.66062879,11.93684848
2021-08-16,19.86710577,78.78000775,28.2635155,25.28820543
2021-08-17,21.3127873,71.36552445,19.99171882,18.81345432
2021-08-18,20.60756664,74.06049011,35.95012048,31.51685886
2021-08-19,20.77145733,76.20466989,25.48668275,23.37374347
2021-08-20,22.39934933,69.63115087,23.98626775,21.99221095
2021-08-21,22.46643465,65.63781903,16.16774942,15.4654679
2021-08-22,22.87225434,64.55406551,5.67832114,5.390662303
2021-08-23,24.02673931,55.11911148,10.50879749,9.990530271
2021-08-24,23.98523139,52.82205231,15.26610285,14.26527521
2021-08-25,23.61004823,56.5653537,11.49051406,10.94084337
2021-08-26,23.97368009,53.48013297,22.86631744,20.48255668
2021-08-27,23.92426677,45.42478907,26.67492963,23.55794129
2021-08-28,23.75164577,48.03855799,19.96570086,18.51043461
2021-08-29,24.96705838,46.94492039,32.64940508,29.36121637
2021-08-30,24.02145174,60.22781833,43.81135607,38.32686967
2021-08-31,23.84096762,60.28388607,28.60050702,26.28172777
2021-09-01,23.18771274,60.52503113,22.23036606,20.48036606
2021-09-02,22.58987241,63.86068581,14.77330155,13.93963051
2021-09-03,21.68671875,69.31542969,9.597304688,9.120019531
2021-09-04,21.2769433,70.29928652,20.16081487,18.11145325
2021-09-05,21.6577454,71.07039877,16.17491564,15.15588574
2021-09-06,20.70691824,92.14339623,14.32274617,13.45706159
2021-09-07,21.9051358,70.8148642,19.80202622,18.19229241
2021-09-08,22.4306891,75.7244391,11.21941943,10.72799763
2021-09-09,21.70711482,87.64268891,18.19697191,16.92801077
2021-09-10,21.37198727,83.94802183,13.5837943,12.92178351
2021-09-11,20.95032209,74.77343691,24.59295163,22.01827286
2021-09-12,21.51521607,87.27218503,10.8871552,10.41105599
2021-09-13,23.48211604,85.65044369,11.77642522,11.2448317
2021-09-14,23.53640449,61.49904494,15.62010399,14.83529029
2021-09-15,23.0724152,63.41928893,18.39012658,17.49097591
2021-09-16,23.34675325,66.77444491,26.96396905,24.87222919
2021-09-17,24.08659669,63.93625353,25.59690198,23.37077451
2021-09-18,23.81846812,62.37418351,33.36363142,30.02695179
2021-09-19,24.55192308,52.32437206,19.47568681,18.48463501
2021-09-20,23.30232462,56.88509755,30.87804655,27.21007897
2021-09-21,23.09429348,63.38351449,23.09305946,21.60540172
2021-09-22,23.66374486,67.48473251,17.87348398,16.7951931
2021-09-23,23.43972332,72.08035573,15.59392578,14.80207031
2021-09-24,23.16906698,70.66054975,11.27662032,10.78381228
2021-09-25,23.0196048,62.42243317,13.6212471,12.98182417
2021-09-26,22.97313665,64.57127329,8.942648084,8.559527681
2021-09-27,23.77964315,62.36200324,15.18238384,14.52450505
2021-09-28,23.88228737,67.57857143,16.81134947,15.95526251
2021-09-29,24.5268047,77.75926133,13.1029204,12.53431465
2021-09-30,24.64696017,63.42704403,15.35249351,14.58909091
2021-10-01,24.89256128,75.56335587,10.63488665,10.15478589
2021-10-02,24.56962376,80.9749703,10.61119875,10.13963296
2021-10-03,23.99098893,64.86158839,13.81082984,13.26275219
2021-10-04,24.07209596,73.02592593,22.76103028,21.2508831
2021-10-05,24.60973563,59.42228284,18.44241509,17.3667631
2021-10-06,25.24308008,58.65852156,23.42190457,21.38502674
2021-10-07,24.34625268,59.26937901,23.90663527,21.39182363
2021-10-08,23.94285086,68.2216454,33.38945839,29.61702334
2021-10-09,23.23206681,70.13820459,31.02978279,28.21622807
2021-10-10,23.97093615,73.29016843,22.36479232,21.30336991
2021-10-11,23.76908797,66.76343826,13.25439871,12.66426554
2021-10-12,23.47996032,55.39449405,10.51322437,10.04506686
2021-10-13,22.81678098,63.81508916,20.85709,19.64651439
2021-10-14,24.2011138,68.50905569,17.02327837,16.01813773
2021-10-15,24.61328161,63.38521223,15.74275113,14.73249774
2021-10-16,24.47407889,60.8591244,13.68413119,13.06645526
2021-10-17,24.06415604,63.7222866,16.00921561,14.94650309
2021-10-18,24.1944757,64.74117647,16.63304548,15.58850792
2021-10-19,23.80965795,70.79622736,13.65883208,13.06884211
2021-10-20,22.94977099,75.48248092,19.79612128,18.82950038
2021-10-21,23.13085317,67.59980159,17.69333003,16.32433102
2021-10-22,23.75995556,61.49497778,21.12145731,19.56684399
2021-10-23,24.31315789,60.42252322,18.42106037,17.48916409
2021-10-24,25.14626866,57.68415614,15.14582855,14.50022197
2021-10-25,25.20645161,58.55322581,16.32920381,15.63102153
2021-10-26,25.07517448,60.3051346,16.67246146,15.47982596
2021-10-27,23.66468085,66.68931442,14.37528605,13.68289835
2021-10-28,24.16493576,58.44073876,15.44409871,14.8164324
2021-10-29,23.98063431,61.44228736,19.63036486,18.44135862
2021-10-30,23.90902009,76.70414104,21.21051293,20.14780057
2021-10-31,24.10893338,70.71609549,14.83388675,14.23679507
2021-11-01,24.10858995,62.79794706,19.87455574,18.57847604
2021-11-02,24.29641598,63.97326675,17.45716637,16.58684303
2021-11-03,24.10290607,63.89704203,18.88486262,17.74359772
2021-11-04,24.68025712,59.94981635,25.21964055,23.22364977
2021-11-05,24.99001699,57.81801189,18.67769427,17.70004246
2021-11-06,24.63038314,59.90835249,16.88632184,15.67421456
2021-11-07,25.03301535,52.34388221,12.61793447,12.07458316
2021-11-08,24.48503109,49.93098996,19.02534286,18.02562857
2021-11-09,25.08373272,56.75792627,16.60422828,15.8288586
2021-11-10,24.51833985,81.29626249,17.6620615,16.83544825
2021-11-11,24.76648736,87.0894029,18.505856,17.610272
2021-11-12,24.47232533,86.80933406,18.84457018,17.55992927
2021-11-13,24.66025105,82.40911204,19.5111836,18.47679404
2021-11-14,24.06983391,87.05600618,15.61359381,14.73998066
2021-11-15,24.0904102,92.20088692,20.83321444,19.43764155
2021-11-16,26.32,92.30666667,21.46727321,20.04903949
2021-11-17,NA,NA,21.3586938,20.04205868
2021-11-18,25.05118483,86.44028436,18.23050785,17.2342844
2021-11-19,25.25579365,84.46571429,20.172184,19.09874845
2021-11-20,23.34268657,93.82477612,19.98314736,18.8921893
2021-11-21,NA,NA,13.24270548,12.6691895
2021-11-22,NA,NA,19.80592662,18.62172154
2021-11-23,NA,NA,21.11648255,19.78400354
2021-11-24,27.47099237,84.92366412,18.55354291,17.56305645
2021-11-25,24.68501946,88.93929961,18.19419257,17.30197323
2021-11-26,24.72929381,84.75344377,21.75588748,19.94053642
2021-11-27,23.19057252,89.31389313,13.65919435,13.14016037
2021-11-28,22.71635294,87.63105882,9.173745247,8.859619772
2021-11-29,22.18583633,92.65413669,15.73617117,15.11903153
2021-11-30,22.33058918,93.30064568,17.93473727,17.15357316
2021-12-01,NA,NA,NA,NA
2021-12-02,21.56478579,87.26415883,23.10988002,21.6570579
2021-12-03,21.2595521,87.60009141,25.16755606,23.3690984
2021-12-04,21.21820592,88.06133451,21.0561008,19.79806808
2021-12-05,21.47283582,85.08810235,20.77378574,19.65214682
2021-12-06,21.94321445,81.75761927,25.42461967,23.38320965
2021-12-07,22.97797867,77.13922114,24.59326208,22.88464219
2021-12-08,23.55828741,79.73255617,19.29972446,18.17180161
2021-12-09,23.27271235,80.13327862,20.28762802,18.95454732
2021-12-10,22.84772141,77.38770421,19.81739785,18.71219355
2021-12-11,22.41673137,70.84029503,18.91814829,17.94130435
2021-12-12,22.31324605,72.81116673,16.5063829,15.70310092
2021-12-13,22.03035294,82.10647059,17.44122353,16.53318431
2021-12-14,22.03666962,86.95186005,18.89222025,17.76732238
2021-12-15,22.14197873,88.82441054,19.65229736,18.51732283
2021-12-16,22.08139648,88.56723633,22.36759277,20.6653125
2021-12-17,22.4081153,81.8935255,24.32995561,22.56918775
2021-12-18,22.72189189,84.28849421,18.65654054,17.72882239
2021-12-19,23.13089976,85.72170481,15.96931307,15.2302882
2021-12-20,23.21225279,85.92472055,16.15171109,15.30106191
2021-12-21,21.72998756,93.28411448,13.08757273,12.48571488
2021-12-22,21.14875817,93.36169935,19.64866928,18.51987347
2021-12-23,21.73299389,91.9314053,17.50095684,16.56612378
2021-12-24,22.3067546,89.1361311,17.84523181,16.69989209
2021-12-25,22.24630503,90.54716981,10.08327437,9.659198113
2021-12-26,22.02312095,89.23571156,8.62321633,8.186962991
2021-12-27,22.15968786,85.46003045,10.6431595,10.15840502
2021-12-28,22.08341014,87.7437404,11.22854127,10.73863724
2021-12-29,22.65169195,82.20645663,11.78235614,11.25875583
2021-12-30,23.10055624,79.94066749,10.5703152,10.08647713
2021-12-31,NA,NA,NA,NA
2022-01-01,NA,NA,NA,NA
2022-01-02,NA,NA,NA,NA
2022-01-03,NA,NA,NA,NA
2022-01-04,22.95412234,72.95239362,14.57142287,13.55365691
2022-01-05,23.68801734,73.64150572,14.98973218,14.28760536
2022-01-06,23.67570621,77.87449556,15.08070218,14.4291364
2022-01-07,23.66348162,78.70769826,17.6384913,16.65154739
2022-01-08,23.46896686,75.82682261,13.58205848,12.83196881
2022-01-09,23.26121894,76.21118012,12.15621118,11.52639752
2022-01-10,23.20767138,82.09722524,17.09619772,16.22000422
2022-01-11,22.11919918,81.5610883,20.13864337,19.15899281
2022-01-12,NA,NA,NA,NA
2022-01-13,NA,NA,NA,NA
2022-01-14,23.08573446,76.51497175,15.35053521,14.66130986
2022-01-15,23.64492929,75.48092929,22.51989086,20.82852061
2022-01-16,23.80036349,73.90783522,16.64846589,15.71550262
2022-01-17,23.02222222,79.45577236,9.804791554,9.454899838
2022-01-18,22.81418164,90.1618747,29.69025716,27.00859777
2022-01-19,23.01211166,87.59887438,16.01520542,15.32705643
2022-01-20,23.96907357,90.19368756,15.50978656,14.94856948
2022-01-21,23.10981165,91.19763469,20.76270852,18.94893327
2022-01-22,23.12427521,76.9900476,16.18799827,15.47220537
2022-01-23,22.95340471,65.02389722,13.97252785,13.23708226
2022-01-24,23.20392562,70.67097107,21.88089119,20.09215026
2022-01-25,23.8979445,63.40868448,20.09979296,18.6017029
2022-01-26,23.83377416,59.04791455,19.45110204,18.19551531
2022-01-27,23.60494455,64.29496303,16.01230415,15.24572811
2022-01-28,24.70540541,61.50846847,17.61931921,16.66537421
2022-01-29,24.52,69.91914634,12.0155339,11.46870077
2022-01-30,24.16287849,66.80530869,9.163211478,8.745562107
2022-01-31,23.94821864,69.40707662,13.67000487,13.073585
2022-02-01,24.72221202,71.82638825,15.70722681,14.98605601
2022-02-02,24.69398578,79.429579,13.52292007,12.91604133
2022-02-03,24.30010947,87.1196497,20.19380744,19.13519147
2022-02-04,24.15988928,83.62667338,20.25689046,18.97083796
2022-02-05,24.44305027,72.59843684,11.96930233,11.41973784
2022-02-06,24.9377494,79.0980846,12.78476856,12.2375419
2022-02-07,24.51817339,81.22837274,14.23418334,13.63736622
2022-02-08,22.24341085,83.29050388,18.61163298,17.41075532
2022-02-09,25.45448659,74.2080481,16.93696361,15.87883216
2022-02-10,24.72301415,77.53155604,14.75193566,13.98713195
2022-02-11,25.29813665,80.55403727,16.44654441,15.51837384
2022-02-12,25.25819165,83.87241113,14.05070303,13.29651172
2022-02-13,25.40618831,84.59153379,12.26823883,11.58515584
2022-02-14,25.00434416,78.10033741,14.38862968,13.66464901
2022-02-15,24.87049405,78.88019213,21.93015989,20.36477844
2022-02-16,25.45044322,65.60392571,16.81332068,15.99691561
2022-02-17,26.39124514,56.13258755,17.75936346,16.76939747
2022-02-18,26.39250426,60.59603918,13.58702001,12.85366539
2022-02-19,26.28303817,60.33270366,13.60447203,12.90145784
2022-02-20,26.27753321,57.00239089,10.60310175,10.09306378
2022-02-21,24.87869627,67.12172886,13.81553875,13.18960302
2022-02-22,23.97200167,87.22423736,26.19314156,24.10325745
2022-02-23,23.61505525,97.44037753,14.67673312,13.93919348
2022-02-24,23.53138343,94.31366354,17.1748907,16.08806258
2022-02-25,23.516759,92.00184672,24.00339649,21.74810536
2022-02-26,24.51765157,82.03687644,13.38634726,12.68970103
2022-02-27,25.38104247,77.06235521,11.86922038,11.29162486
2022-02-28,25.59625323,84.28832903,11.94546041,11.38831756
2022-03-01,25.38039129,76.69239662,13.90989314,13.23703028
2022-03-02,25.29407974,65.38638743,16.52786753,15.58596931
2022-03-03,25.17712418,55.3540305,12.89873748,12.25872878
2022-03-04,25.84826858,49.80929054,13.62431224,12.91431224
2022-03-05,25.98746677,48.92476263,12.68669707,11.91849107
2022-03-06,25.83196844,53.88561232,11.25162223,10.65629741
2022-03-07,25.7632329,57.33302117,13.00786531,12.38765306
2022-03-08,26.56613098,56.48151868,13.0082778,12.42267363
2022-03-09,26.32130062,59.3423676,15.0928716,14.41793774
2022-03-10,26.55757225,55.9417341,13.77739013,13.12428682
2022-03-11,27.00513213,53.31160475,15.03744722,14.17024952
2022-03-12,26.15299769,51.11837048,11.5982699,11.05980392
2022-03-13,26.21001869,45.2844486,9.342123364,8.902590654
2022-03-14,25.77115956,73.96828543,13.58255814,12.98580171
2022-03-15,27.0386118,50.09954281,14.43187188,13.6983777
2022-03-16,27.49909241,60.18556106,16.80084553,15.73099593
2022-03-17,27.24981906,64.89565742,14.70070309,13.86005223
2022-03-18,26.97480699,63.1583909,13.08053999,12.39603735
2022-03-19,26.96780822,53.48847032,11.84198174,11.22195512
2022-03-20,27.26524438,58.23273856,11.87948022,11.18764546
2022-03-21,27.05744511,62.66578842,11.11001197,10.51059058
2022-03-22,26.93758263,73.17398489,9.04465587,8.55242915
2022-03-23,27.40682057,74.09097587,9.05668405,8.587366362
2022-03-24,26.60025625,87.6810378,9.147837277,8.709215442
2022-03-25,27.38624,76.04712,8.918535255,8.503272302
2022-03-26,26.5601859,84.39837335,9.246714286,8.835150579
2022-03-27,26.24493294,80.04735469,10.92610738,10.46317301
2022-03-28,25.51379962,78.47716446,10.95428301,10.47700719
2022-03-29,25.14009831,83.27492978,10.77923567,10.34310828
2022-03-30,26.24167157,67.18628605,15.84520306,14.9592113
2022-03-31,25.18800151,73.1984103,14.48795911,13.70107156
2022-04-01,23.93170007,83.00586488,10.71683938,10.11143597
2022-04-02,NA,NA,NA,NA
2022-04-03,NA,NA,NA,NA
2022-04-04,NA,NA,NA,NA
2022-04-05,NA,NA,NA,NA
2022-04-06,NA,NA,NA,NA
2022-04-07,NA,NA,NA,NA
2022-04-08,NA,NA,NA,NA
2022-04-09,NA,NA,NA,NA
2022-04-10,NA,NA,NA,NA
2022-04-11,NA,NA,NA,NA
2022-04-12,NA,NA,NA,NA
2022-04-13,NA,NA,NA,NA
2022-04-14,NA,NA,NA,NA
2022-04-15,NA,NA,NA,NA
2022-04-16,NA,NA,NA,NA
2022-04-17,NA,NA,NA,NA
2022-04-18,NA,NA,NA,NA
2022-04-19,NA,NA,NA,NA
2022-04-20,NA,NA,NA,NA
2022-04-21,23.22439716,94.48113475,4.488072122,4.315603329
2022-04-22,22.24799016,95.39893355,14.2512376,13.64806426
2022-04-23,24.42412903,97.10219355,12.03817837,11.5513093
2022-04-24,27.24655172,94.64729064,11.7022941,11.19900338
2022-04-25,25.8666899,86.84188153,19.29800959,18.10136691
2022-04-26,25.50805085,91.90673258,14.09859031,13.44414537
2022-04-27,23.85467626,88.89252905,8.032287618,7.671499167
2022-04-28,23.00149007,90.97698675,9.205473214,8.875535714
2022-04-29,24.71337668,83.27041338,12.28317884,11.60122191
2022-04-30,25.21203134,83.83682149,10.63998283,10.16128792
2022-05-01,24.45161043,93.87837423,7.360257028,7.100008032
2022-05-02,25.50552546,92.08678223,3.588929412,3.396964706
2022-05-03,23.32825429,97.96049445,8.131457906,7.782941478
2022-05-04,22.38567073,99.73681402,14.07721444,13.28333088
2022-05-05,22.14151404,99.86178266,6.37011236,5.92298377
2022-05-06,23.32693247,97.28445891,4.586773234,4.393018587
2022-05-07,24.63685142,94.35872642,4.565743835,4.352557677
2022-05-08,23.80722433,98.19847909,4.253702395,4.037094621
2022-05-09,25.1006816,89.09776047,9.25179646,8.755699115
2022-05-10,24.68458693,85.47533909,13.30163578,12.73246645
2022-05-11,24.52985348,88.97423687,10.76017375,10.29709138
2022-05-12,24.82708505,85.49768786,13.22324687,12.62974061
2022-05-13,24.85901099,89.24335165,16.2221368,15.40499717
2022-05-14,26.1462203,87.65867531,15.10909294,14.34482528
2022-05-15,25.92003594,84.12407907,7.542636625,7.115819751
2022-05-16,24.33638716,88.06630435,12.78760084,12.05242535
2022-05-17,24.59716943,87.33574606,9.82552589,9.346824434
2022-05-18,23.64040733,78.09181263,8.450857493,8.032155982
2022-05-19,24.39229217,77.21436642,13.90972436,13.35399676
2022-05-20,25.60710764,73.20751849,11.45817248,10.90802875
2022-05-21,26.34766214,68.08303167,8.926486996,8.494466642
2022-05-22,26.3169861,73.94693724,9.668151071,9.230665163
2022-05-23,26.09928661,68.70944188,10.26797984,9.767597648
2022-05-24,26.11210351,65.8298414,11.41693111,10.90488518
2022-05-25,25.38015422,73.70905032,13.54568127,12.78270479
2022-05-26,25.26291608,89.43352086,9.286963788,8.826258124
2022-05-27,25.02325581,88.11636364,6.8131643,6.510182556
2022-05-28,24.63798883,84.34692737,11.53217132,11.03657356
2022-05-29,24.15058424,81.6458726,7.934820957,7.533030531
2022-05-30,23.46172624,83.28496077,6.160052333,5.859158308
2022-05-31,23.4673588,84.21179402,12.32018318,11.70863031
2022-06-01,24.27171375,80.4560452,6.999114878,6.668757062
2022-06-02,23.34058693,91.29401993,8.606800554,8.221666667
2022-06-03,22.8282318,89.07087667,12.23523892,11.50700695
2022-06-04,23.69831067,90.13308611,9.772615385,9.312596154
2022-06-05,25.29995331,87.07796452,8.858819259,8.491490256
2022-06-06,24.09868651,90.39741681,3.761877875,3.565223756
2022-06-07,23.4894985,89.41663095,3.750578406,3.564460154
2022-06-08,23.21584354,86.61825365,7.403300473,7.046175079
2022-06-09,22.65225261,86.45518906,17.69899396,16.76926358
2022-06-10,23.47655694,74.63269573,8.037813891,7.667333037
2022-06-11,23.39519935,69.64235151,6.860484923,6.530594947
2022-06-12,23.10713213,76.58344595,6.539853549,6.200330454
2022-06-13,21.89991398,81.16752688,14.36330749,13.52589578
2022-06-14,24.53021954,72.51287129,8.546470082,8.155940594
2022-06-15,24.77732849,70.14325307,12.65439146,12.06757493
2022-06-16,24.98043753,64.12570467,11.09604386,10.51576128
2022-06-17,24.59938373,64.66294166,12.16100616,11.55116632
2022-06-18,24.92925798,65.6366782,8.042881878,7.60676414
2022-06-19,23.01646248,74.29218989,7.25538491,6.8638491
2022-06-20,23.0045987,73.45778742,10.7025671,10.16544589
2022-06-21,24.26141326,65.73632394,7.626903533,7.27674474
2022-06-22,23.3389304,68.33767204,8.539984252,8.105641732
2022-06-23,22.63752569,75.93625154,6.41038398,6.075916598
2022-06-24,21.19668151,79.44334278,8.619919028,8.226793522
2022-06-25,21.57026817,80.46883016,8.443767496,8.074346812
2022-06-26,21.27270651,87.64035021,5.709450878,5.448729922
2022-06-27,20.91799147,90.07611477,6.84496757,6.517897749
2022-06-28,19.92012712,93.5309322,6.958175933,6.577635187
2022-06-29,20.76015873,98.19587302,8.233376328,7.839066768
2022-06-30,23.08243243,94.94594595,4.431025934,4.218974066
2022-07-01,21.05957854,98.07011494,9.202239097,8.738317757
2022-07-02,22.41611166,91.21106758,5.292552954,4.998636195
2022-07-03,24.11614213,91.50918782,3.9575387,3.738188854
2022-07-04,23.26496233,78.60080732,11.10384283,10.56596464
2022-07-05,22.90089251,88.19010477,10.41635177,9.869754224
2022-07-06,22.60615189,89.2245227,8.585968303,8.166602242
2022-07-07,22.40109266,93.40603147,9.221842508,8.774097859
2022-07-08,21.11195462,99.82870855,13.85029276,12.98060478
2022-07-09,19.48934467,99.75452726,19.43891146,18.10156382
2022-07-10,18.51882086,99.9,6.698174727,6.333724649
2022-07-11,24.81190244,91.40546341,6.257981928,5.937481175
2022-07-12,19.243717,99.9,13.04556321,12.38403566
2022-07-13,23.27418618,81.23380925,11.16675403,10.42153226
2022-07-14,21.62023121,96.25044666,8.053001225,7.698346264
2022-07-15,22.35881857,91.27388186,3.793370832,3.57756127
2022-07-16,21.80751422,96.32152721,8.457946967,8.056970671
2022-07-17,20.18464679,99.85443038,11.92895402,11.31922222
2022-07-18,20.40781893,97.15462963,12.92782738,12.27375496
2022-07-19,21.27541626,94.05572968,13.76645923,12.80293991
2022-07-20,21.08596311,96.11813525,7.607116536,7.179318287
2022-07-21,20.69476141,94.7004668,5.307821229,5.033086592
2022-07-22,20.82522124,96.87138643,5.839189931,5.525597254
2022-07-23,21.44327697,95.64794686,9.353201874,8.839554861
2022-07-24,22.47771937,76.66021027,4.85805342,4.578247673
2022-07-25,21.96737288,81.5819209,7.413734088,7.046949552
2022-07-26,22.61971154,77.1104021,10.92494544,10.36922741
2022-07-27,22.85901044,78.31534271,14.48507727,13.60601364
2022-07-28,22.84932615,77.20467206,11.65650337,11.07227865
2022-07-29,22.57875105,79.69966471,17.21005036,16.06407889
2022-07-30,22.02765957,81.26305609,9.074719319,8.591463415
2022-07-31,22.71807557,80.4924815,6.376828983,6.01635372
2022-08-01,21.12156048,88.9245614,8.996916705,8.460869765
2022-08-02,20.36,92.50058824,19.9254798,18.06662037
2022-08-03,20.415195595,80.42084458,39.201563,33.51870655
2022-08-04,19.94512628,86.09915351,35.58779108,30.06398747
2022-08-05,19.75387523,81.740799135,39.382536625,33.50488543
2022-08-06,21.33861626,69.07033073,33.80855725,29.291179135
2022-08-07,20.13453851,71.84471125,27.6378841265,24.277842355
2022-08-08,21.59085186,66.86494755,19.0231755955,17.3788509525
2022-08-09,21.823861445,68.1639659,18.4010441915,16.392354976
2022-08-10,22.400345435,67.060428315,15.458081438,14.0334854915
2022-08-11,20.867166005,77.28091384,21.8735017645,19.0594781685
2022-08-12,21.38648871,68.360352005,18.5825097915,16.1671880755
2022-08-13,20.855761925,76.837055925,27.8322356975,23.6115599495
2022-08-14,21.10468482,75.16329218,26.572458027,22.6772149895
2022-08-15,21.822594835,76.552724475,28.16883007,24.244717215
2022-08-16,23.096389445,68.63237241,21.4632640045,19.0823142755
2022-08-17,21.51780124,69.132254355,35.605775605,30.098035555
2022-08-18,23.050848585,58.37377306,26.708438775,23.917534535
2022-08-19,24.08673898,63.715197555,24.470759605,21.988463205
2022-08-20,24.28430972,66.650550345,32.110931705,27.917700619
2022-08-21,24.163177515,58.37578939,18.9561628365,16.5610593835
2022-08-22,23.45650359,55.365685945,29.796395721,25.8909491385
2022-08-23,22.15242961,60.24665732,28.4511130165,24.4668855875
2022-08-24,22.951259225,57.04840752,21.8544499565,18.715274994
2022-08-25,21.989261925,64.72529747,19.5478499415,17.648667337
2022-08-26,22.61462128,68.246595965,30.2907930945,26.342184084
2022-08-27,20.68922862,77.617510925,37.32714706,32.192858005
2022-08-28,21.875795595,71.808016435,31.91217186,27.1908568865
2022-08-29,22.7025598,73.154981815,31.30853384,26.3591325465
2022-08-30,23.58215277,61.518160055,30.667227505,26.15090745
2022-08-31,22.81378504,61.368247995,29.82911007,25.081283635
2022-09-01,23.761690205,59.572397755,36.36099473,30.76195049
2022-09-02,21.78989993,76.018292415,38.714772905,32.47675839
2022-09-03,22.72294444,76.179080685,35.764557435,30.15436483
2022-09-04,21.61377358,82.74550943,14.45846038,13.73900755
2022-09-05,23.38472853,68.46926126,40.14164272,33.98498218
2022-09-06,22.532431055,79.37402845,38.772042245,33.37674685
2022-09-07,21.009091375,82.65213998,37.21918609,32.267205945
2022-09-08,21.14307985,77.53408486,38.40927014,33.04886163
2022-09-09,20.93012083,73.78268368,34.237541585,29.559751005
2022-09-10,22.495738665,66.810921145,29.70246976,25.753897335
2022-09-11,22.6811627,74.16009815,8.291253303,7.85403926
2022-09-12,24.49737426,63.15372589,32.5990063785,27.513899791
2022-09-13,23.4820339,68.67800377,9.183615819,8.72039548
2022-09-14,22.938006525,63.34577359,37.21622213,32.449394515
2022-09-15,22.653608755,63.4983635,24.147186331,21.066999293
2022-09-16,23.583157815,64.62967664,20.6057876105,17.819583906
2022-09-17,23.705985455,70.809021165,30.807905222,26.664193291
2022-09-18,23.39946232,73.99754881,28.956648751,24.7514959275
2022-09-19,24.404449375,62.13395807,22.01377227,19.28699933
2022-09-20,25.458337865,59.99985848,21.452632305,19.005699785
2022-09-21,25.131344935,62.50153333,23.51952582,20.697168765
2022-09-22,25.51454796,57.287370055,20.57836283,17.8436635075
2022-09-23,24.88408049,54.392125895,22.7148807375,19.8744949075
2022-09-24,24.735254585,56.092716825,18.2718535475,16.187959003
2022-09-25,24.160893395,58.0887003,9.2550113305,8.169287544
2022-09-26,25.099064735,55.62026439,17.956981902,15.7780739115
2022-09-27,24.62160864,56.1508939,17.378371202,15.260532366
2022-09-28,24.99708326,50.73819117,23.9049031185,20.911171223
2022-09-29,24.364182565,63.742961355,24.101955637,21.1753502635
2022-09-30,24.819076895,72.025931335,26.7578074665,22.6045348475
2022-10-01,26.15900405,50.08343949,37.89846555,32.05390851
2022-10-02,27.14196745,46.27784855,29.31185897,25.52240028
2022-10-03,23.355558815,70.83244144,31.78744282,27.92583282
2022-10-04,24.344269615,62.844226865,32.277017205,27.69465704
2022-10-05,25.13205038,66.65722933,26.330762215,22.7817265
2022-10-06,25.16807951,68.6585484,25.75757209,22.30364304
2022-10-07,24.863082805,66.04100328,22.6117368685,19.8144785095
2022-10-08,24.197327895,62.87154673,19.1147727015,16.940020213
2022-10-09,23.834672765,58.073978235,15.8162026635,14.0969087025
2022-10-10,25.04719354,52.20017626,22.8268502585,19.676373213
2022-10-11,23.931250675,61.84221364,25.358671248,21.6938013275
2022-10-12,28.01979021,41.64566434,30.53442281,26.79238526
2022-10-13,27.28695652,45.00673913,54.12727599,46.74942652
2022-10-14,28.08521607,44.41630023,43.16729993,35.07118923
2022-10-15,27.03035088,48.94076023,41.62663768,34.83901449
2022-10-16,27.11552795,60.35416149,44.55260922,37.66450243
2022-10-17,28.52637224,45.80731861,40.07198617,33.29357637
2022-10-18,24.78210806,74.05394154,15.6484252,14.99107612
2022-10-19,26.264555565,57.76553531,25.93650591,23.186480265
2022-10-20,25.97714087,54.7545242,30.67190073,27.16380127
2022-10-21,26.40802894,54.37336455,30.645272395,27.20844883
2022-10-22,28.14247417,46.500212675,29.13860911,25.71838791
2022-10-23,25.00712381,62.552,12.31508352,11.82350038
2022-10-24,24.98480627,63.86295168,15.02833623,14.22751955
2022-10-25,23.31477516,73.0614561,12.85974304,12.20760171
2022-10-26,27.91246377,47.7315942,39.36883275,33.34646341
2022-10-27,27.482122845,53.288035745,18.678859405,16.597871995
2022-10-28,27.10073761,55.803082655,19.58828891,17.73204215
2022-10-29,27.491972605,50.87292455,23.82384378,20.731755745
2022-10-30,27.45458172,55.502771835,16.66469372,15.202701755
2022-10-31,26.754730365,64.28150629,27.555075495,24.27107229
2022-11-01,24.683105465,72.54494338,47.745482475,41.201877535
2022-11-02,26.20116279,60.16063123,48.82536545,40.36839701
2022-11-03,23.535097975,74.96317952,60.2046425,52.764279546
2022-11-04,24.041235295,72.76408039,24.456087095,21.342305427
2022-11-05,NA,NA,NA,NA
2022-11-06,NA,NA,NA,NA
2022-11-07,29.44711033,47.80928196,48.00741681,39.35501751
2022-11-08,27.82155009,50.62325142,44.48233438,37.69006309
2022-11-09,26.49690832,52.15138593,48.03686296,39.44031049
2022-11-10,27.83687316,49.14926254,70.06104012,60.11248143
2022-11-11,27.48452073,54.3255829,46.23420609,39.09951393
2022-11-12,24.87187879,64.63684848,63.64271186,52.89196126
2022-11-13,25.34658774,57.86051532,45.44759467,38.04063815
2022-11-14,25.34759547,63.5625884,48.11434968,39.96530206
2022-11-15,25.16594293,65.03579404,46.0685599,38.67523277
2022-11-16,24.23062347,67.43881418,64.68056846,53.3004401
2022-11-17,23.15469407,68.44367118,56.1050421,46.14802619
2022-11-18,23.87265734,63.02678322,57.85191742,47.07054584
2022-11-19,25.69020936,61.72296798,56.35779213,46.26239852
2022-11-20,24.23354779,61.88079044,57.47043318,48.30284793
2022-11-21,25.91873148,57.86170717,48.34290131,40.44947681
2022-11-22,26.43812105,59.5934056,59.89632153,49.11167121
2022-11-23,24.39822676,70.18463192,59.36648387,48.52262366
2022-11-24,23.85240143,69.83318996,58.71628141,48.76558507
2022-11-25,25.69744735,59.95922144,33.88323773,29.03946463
2022-11-26,26.53420074,54.65873606,43.2253596,36.37839275
2022-11-27,26.15724359,55.24935897,47.76847784,39.61529865
2022-11-28,24.80518039,66.96771508,52.10408712,43.57096386
2022-11-29,26.32786596,58.88947678,56.16863369,46.785053
2022-11-30,24.31842242,65.92527244,56.17517941,47.34217369
2022-12-01,25.92459426,55.97234707,49.85434375,41.43003125
2022-12-02,27.43043478,52.02413043,46.55449265,38.37202206
2022-12-03,26.9811344,56.46837238,54.61661529,44.70554871
2022-12-04,26.8596201,61.31348039,41.34424893,34.39011036
2022-12-05,27.77768332,54.24537726,48.65904357,40.78919235
2022-12-06,26.9963884,55.42362345,44.99018946,37.63029603
2022-12-07,28.912692,52.67089733,50.79858414,41.40157767
2022-12-08,28.85687398,51.33682488,42.59369885,35.75607201
2022-12-09,26.65686795,54.44950232,39.4401932,33.28104597
2022-12-10,26.6329677,63.66946984,81.75946374,68.85669104
2022-12-11,25.84983974,58.12681624,50.87716498,42.44658302
2022-12-12,25.74205257,58.12703379,46.06276596,38.51670839
2022-12-13,26.15408942,60.70512541,49.69336235,40.7968988
2022-12-14,25.92163543,55.02697331,49.50611584,40.81740488
2022-12-15,27.4289701,54.32870432,47.67910299,39.16388704
2022-12-16,28.06970618,51.27578521,46.69365385,38.60814777
2022-12-17,28.08682842,51.63639515,50.9932526,41.23036332
2022-12-18,NA,NA,NA,NA
2022-12-19,28.43606676,48.1658926,45.08788978,37.38391588
2022-12-20,28.41316062,47.06797927,43.32466874,36.49784679
2022-12-21,29.58211921,47.52015137,47.17963981,37.63521327
2022-12-22,28.10688427,51.12083086,51.75096793,41.34251781
2022-12-23,27.96139896,52.99831606,54.08556634,43.84100324
2022-12-24,28.39856734,51.15551576,50.39419355,40.95265233
2022-12-25,NA,NA,NA,NA
2022-12-26,25.65167785,58.31442953,51.85755034,42.17114094
2022-12-27,25.37906977,63.91417497,45.10735327,38.0562237
2022-12-28,28.62810903,49.10613288,52.758391,43.40873702
2022-12-29,27.04481669,49.37231353,51.73684377,42.20177103
2022-12-30,27.43788575,47.03624425,49.22514436,40.36195538
2022-12-31,26.42033084,47.2536286,57.33117396,46.41302028
2023-01-01,26.0452149,48.11839542,40.22590569,34.31113859
2023-01-02,25.32862319,53.0126087,39.36258158,33.54144307
2023-01-03,25.5865233,61.75326165,40.91390838,34.46412312
2023-01-04,24.20604891,63.78455598,49.10701031,40.9574549
2023-01-05,24.46049383,53.93888889,53.42008754,44.23307415
2023-01-06,25.2521377,48.98051083,47.59954571,40.36341828
2023-01-07,27.1985607,45.22559449,51.63267835,42.2935169
2023-01-08,27.65335085,50.90499343,37.65818003,32.0532523
2023-01-09,25.89809783,61.29021739,43.34603825,36.48060109
2023-01-10,28.19342723,47.74812207,44.1621423,36.91310399
2023-01-11,27.4872956,50.22528302,39.32930057,33.3757719
2023-01-12,26.98819488,49.93091818,48.58096552,40.45579937
2023-01-13,27.21318957,45.03706118,45.92152882,38.20982456
2023-01-14,26.61974971,45.59073133,75.07229175,64.11326163
2023-01-15,26.92206769,45.07607789,51.41536473,43.08301477
2023-01-16,27.60690276,42.78523409,40.40264264,34.70466667
2023-01-17,27.91075766,44.82510121,49.56436522,41.14107246
2023-01-18,27.97260514,36.15350467,51.6454556,43.75821822
2023-01-19,28.88421941,36.87611814,63.71752534,55.85743243
2023-01-20,29.21868289,42.41066571,42.78293066,35.46481058
2023-01-21,29.15632032,41.46803441,49.27129225,41.20018555
2023-01-22,27.18300885,48.31663717,43.73376106,36.7709292
2023-01-23,26.81561429,50.66989721,42.03982379,34.65413607
2023-01-24,28.94295846,45.0064843,56.97424547,47.31634809
2023-01-25,28.44044944,43.48715891,44.65826482,37.32845702
2023-01-26,29.3252111,37.6495778,54.61293727,47.64041013
2023-01-27,28.0566352,42.04436424,42.55925679,35.2912812
2023-01-28,28.15585492,39.72181347,40.40461618,34.09942946
2023-01-29,29.6224163,34.37852984,37.67834789,31.49243086
2023-01-30,28.8876914,39.80906949,51.30291691,43.04882145
2023-01-31,29.06166471,42.46488863,47.53934974,38.68680141
2023-02-01,30.78112655,39.7961229,40.93092251,34.28387454
2023-02-02,30.43974763,41.03722397,46.04497172,37.76312382
2023-02-03,25.80368272,45.97025496,80.27232295,71.53286119
2023-02-04,29.74100247,37.54913722,35.42419196,29.10497949
2023-02-05,28.81081474,39.99825412,34.73304306,29.60725689
2023-02-06,29.99570621,33.37333333,37.58477401,31.5020791
2023-02-07,29.30622688,41.34143033,43.29197401,36.09622525
2023-02-08,29.86554233,42.90244709,42.15652576,34.8210568
2023-02-09,29.30328487,43.04851912,57.83208827,47.4695479
2023-02-10,29.32417143,37.21422857,50.68371281,42.62611556
2023-02-11,28.54790047,40.11648523,45.040648,37.54079834
2023-02-12,27.61766382,39.47789988,39.9050773,34.38135883
2023-02-13,25.57175573,41.43927057,52.56970339,44.19025424
2023-02-14,NA,NA,NA,NA
2023-02-15,32.34738155,31.6680798,33.08363184,28.30373134
2023-02-16,30.23564669,40.08574132,37.42899811,31.24610586
2023-02-17,28.69311417,42.00630831,52.84262201,44.27380213
2023-02-18,27.85452196,44.59702842,51.92566257,41.94058177
2023-02-19,28.11621053,43.60726316,36.45909569,31.03080967
2023-02-20,28.80364465,38.82323462,50.71560296,42.04245165
2023-02-21,27.42231813,39.10036991,73.71438272,64.62290123
2023-02-22,30.3890411,34.85068493,37.57756849,31.42243151
2023-02-23,28.40514146,47.779650505,32.577036575,27.390832
2023-02-24,27.645431775,50.45643046,33.215025865,28.279628585
2023-02-25,28.78478021,45.92489489,38.29945236,31.63317957
2023-02-26,29.4382702,44.190473065,27.59833293,23.66514243
2023-02-27,28.26764038,53.128545255,33.322015185,28.228723535
2023-02-28,28.439767895,52.518012425,43.73117634,36.71715328
